FrameNumber,1.6
FirstFrame,47
PointFrequency,100
AnalogFrequency,100

Time,PELVISO,,,PELVISA,,,PELVISL,,,PELVISP,,,LFEMURO,,,LFEMURA,,,LFEMURL,,,LFEMURP,,,LTIBIAO,,,LTIBIAA,,,LTIBIAL,,,LTIBIAP,,,LFOOTO,,,LFOOTA,,,LFOOTL,,,LFOOTP,,,LTOESO,,,LTOESA,,,LTOESL,,,LTOESP,,,RFEMURO,,,RFEMURA,,,RFEMURL,,,RFEMURP,,,RTIBIAO,,,RTIBIAA,,,RTIBIAL,,,RTIBIAP,,,RFOOTO,,,RFOOTA,,,RFOOTL,,,RFOOTP,,,RTOESO,,,RTOESA,,,RTOESL,,,RTOESP,,,THORAXO,,,THORAXA,,,THORAXL,,,THORAXP,,,LUPPERARMO,,,LUPPERARMA,,,LUPPERARML,,,LUPPERARMP,,,LFOREARMO,,,LFOREARMA,,,LFOREARML,,,LFOREARMP,,,LHANDO,,,LHANDA,,,LHANDL,,,LHANDP,,,RUPPERARMO,,,RUPPERARMA,,,RUPPERARML,,,RUPPERARMP,,,RFOREARMO,,,RFOREARMA,,,RFOREARML,,,RFOREARMP,,,RHANDO,,,RHANDA,,,RHANDL,,,RHANDP,,,HEADO,,,HEADA,,,HEADL,,,HEADP,,,LFHD,,,RFHD,,,LBHD,,,RBHD,,,LMAS,,,RMAS,,,GLAB,,,C7,,,T2,,,T10,,,CLAV,,,STRN,,,RBAK,,,LSHO,,,LUPA,,,LELB,,,LFRM,,,LWRA,,,LWRB,,,LFIN,,,RSHO,,,RUPA,,,RELB,,,RFRM,,,RWRA,,,RWRB,,,RFIN,,,LASI,,,RASI,,,LPSI,,,RPSI,,,LTHI,,,LTHAP,,,LTHAD,,,LKNE,,,LKNM,,,LTIB,,,LTIAP,,,LTIAD,,,LANK,,,LMED,,,LHEE,,,LTOE,,,LFMH,,,LSMH,,,LVMH,,,LFootOff,,,RTHI,,,RTHAP,,,RTHAD,,,RKNE,,,RKNM,,,RTIB,,,RTIAP,,,RTIAD,,,RANK,,,RMED,,,RHEE,,,RTOE,,,RFMH,,,RSMH,,,RVMH,,,RFootOff,,,TrunkIMUO,,,TrunkIMUP,,,TrunkIMUL,,,PelvisIMUO,,,PelvisIMUP,,,PelvisIMUL,,,LFemurIMUO,,,LFemurIMUP,,,LFemurIMUL,,,LTibiaIMUO,,,LTibiaIMUP,,,LTibiaIMUL,,,RFemurIMUO,,,RFemurIMUP,,,RFemurIMUL,,,RTibiaIMUO,,,RTibiaIMUP,,,RTibiaIMUL,,,LHJC,,,RHJC,,,LKJC,,,RKJC,,,LAJC,,,RAJC,,,LSJC,,,RSJC,,,LEJC,,,REJC,,,LHO,,,RHO,,,CentreOfMass,,,LFJC,,,RFJC,,,LHipAngles,,,LKneeAngles,,,LAnkleAngles,,,LForeFootAngles,,,RHipAngles,,,RKneeAngles,,,RAnkleAngles,,,RForeFootAngles,,,LSpineAngles,,,RSpineAngles,,,LShoulderAngles,,,LElbowAngles,,,LWristAngles,,,LNeckAngles,,,RShoulderAngles,,,RElbowAngles,,,RWristAngles,,,RNeckAngles,,,LFootProgressAngles,,,RFootProgressAngles,,,LPelvisAngles,,,RPelvisAngles,,,LThoraxAngles,,,RThoraxAngles,,,LHeadAngles,,,RHeadAngles,,
s,mm,mm,mm,mm,mm,mm,mm,mm,mm,mm,mm,mm,mm,mm,mm,mm,mm,mm,mm,mm,mm,mm,mm,mm,mm,mm,mm,mm,mm,mm,mm,mm,mm,mm,mm,mm,mm,mm,mm,mm,mm,mm,mm,mm,mm,mm,mm,mm,mm,mm,mm,mm,mm,mm,mm,mm,mm,mm,mm,mm,mm,mm,mm,mm,mm,mm,mm,mm,mm,mm,mm,mm,mm,mm,mm,mm,mm,mm,mm,mm,mm,mm,mm,mm,mm,mm,mm,mm,mm,mm,mm,mm,mm,mm,mm,mm,mm,mm,mm,mm,mm,mm,mm,mm,mm,mm,mm,mm,mm,mm,mm,mm,mm,mm,mm,mm,mm,mm,mm,mm,mm,mm,mm,mm,mm,mm,mm,mm,mm,mm,mm,mm,mm,mm,mm,mm,mm,mm,mm,mm,mm,mm,mm,mm,mm,mm,mm,mm,mm,mm,mm,mm,mm,mm,mm,mm,mm,mm,mm,mm,mm,mm,mm,mm,mm,mm,mm,mm,mm,mm,mm,mm,mm,mm,mm,mm,mm,mm,mm,mm,mm,mm,mm,mm,mm,mm,mm,mm,mm,mm,mm,mm,mm,mm,mm,mm,mm,mm,mm,mm,mm,mm,mm,mm,mm,mm,mm,mm,mm,mm,mm,mm,mm,mm,mm,mm,mm,mm,mm,mm,mm,mm,mm,mm,mm,mm,mm,mm,mm,mm,mm,mm,mm,mm,mm,mm,mm,mm,mm,mm,mm,mm,mm,mm,mm,mm,mm,mm,mm,mm,mm,mm,mm,mm,mm,mm,mm,mm,mm,mm,mm,mm,mm,mm,mm,mm,mm,mm,mm,mm,mm,mm,mm,mm,mm,mm,mm,mm,mm,mm,mm,mm,mm,mm,mm,mm,mm,mm,mm,mm,mm,mm,mm,mm,mm,mm,mm,mm,mm,mm,mm,mm,mm,mm,mm,mm,mm,mm,mm,mm,mm,mm,mm,mm,mm,mm,mm,mm,mm,mm,mm,mm,mm,mm,mm,mm,mm,mm,mm,mm,mm,mm,mm,mm,mm,mm,mm,mm,mm,mm,mm,mm,mm,mm,mm,mm,mm,mm,mm,mm,mm,mm,mm,mm,mm,mm,mm,mm,mm,mm,mm,mm,mm,mm,mm,mm,mm,mm,mm,mm,mm,mm,mm,mm,mm,mm,mm,mm,mm,mm,mm,mm,mm,mm,mm,mm,mm,mm,mm,mm,mm,mm,mm,mm,mm,mm,mm,mm,mm,mm,mm,mm,mm,mm,mm,mm,mm,mm,mm,mm,mm,mm,mm,mm,mm,mm,mm,mm,mm,mm,mm,mm,mm,mm,mm,mm,mm,mm,mm,mm,mm,mm,mm,mm,mm,mm,mm,mm,mm,mm,mm,mm,mm,mm,mm,mm,mm,mm,mm,mm,mm,mm,mm,mm,mm,mm,mm,mm,mm,mm,mm,mm,mm,mm,mm,mm,mm,mm,mm,mm,mm,mm,mm,mm,mm,mm,mm,mm,mm,mm,mm,mm,mm,mm,mm,mm,mm,mm,mm,mm,mm,mm,deg,deg,deg,deg,deg,deg,deg,deg,deg,deg,deg,deg,deg,deg,deg,deg,deg,deg,deg,deg,deg,deg,deg,deg,deg,deg,deg,deg,deg,deg,deg,deg,deg,deg,deg,deg,deg,deg,deg,deg,deg,deg,deg,deg,deg,deg,deg,deg,deg,deg,deg,deg,deg,deg,deg,deg,deg,deg,deg,deg,deg,deg,deg,deg,deg,deg,deg,deg,deg,deg,deg,deg,deg,deg,deg,deg,deg,deg
,X,Y,Z,X,Y,Z,X,Y,Z,X,Y,Z,X,Y,Z,X,Y,Z,X,Y,Z,X,Y,Z,X,Y,Z,X,Y,Z,X,Y,Z,X,Y,Z,X,Y,Z,X,Y,Z,X,Y,Z,X,Y,Z,X,Y,Z,X,Y,Z,X,Y,Z,X,Y,Z,X,Y,Z,X,Y,Z,X,Y,Z,X,Y,Z,X,Y,Z,X,Y,Z,X,Y,Z,X,Y,Z,X,Y,Z,X,Y,Z,X,Y,Z,X,Y,Z,X,Y,Z,X,Y,Z,X,Y,Z,X,Y,Z,X,Y,Z,X,Y,Z,X,Y,Z,X,Y,Z,X,Y,Z,X,Y,Z,X,Y,Z,X,Y,Z,X,Y,Z,X,Y,Z,X,Y,Z,X,Y,Z,X,Y,Z,X,Y,Z,X,Y,Z,X,Y,Z,X,Y,Z,X,Y,Z,X,Y,Z,X,Y,Z,X,Y,Z,X,Y,Z,X,Y,Z,X,Y,Z,X,Y,Z,X,Y,Z,X,Y,Z,X,Y,Z,X,Y,Z,X,Y,Z,X,Y,Z,X,Y,Z,X,Y,Z,X,Y,Z,X,Y,Z,X,Y,Z,X,Y,Z,X,Y,Z,X,Y,Z,X,Y,Z,X,Y,Z,X,Y,Z,X,Y,Z,X,Y,Z,X,Y,Z,X,Y,Z,X,Y,Z,X,Y,Z,X,Y,Z,X,Y,Z,X,Y,Z,X,Y,Z,X,Y,Z,X,Y,Z,X,Y,Z,X,Y,Z,X,Y,Z,X,Y,Z,X,Y,Z,X,Y,Z,X,Y,Z,X,Y,Z,X,Y,Z,X,Y,Z,X,Y,Z,X,Y,Z,X,Y,Z,X,Y,Z,X,Y,Z,X,Y,Z,X,Y,Z,X,Y,Z,X,Y,Z,X,Y,Z,X,Y,Z,X,Y,Z,X,Y,Z,X,Y,Z,X,Y,Z,X,Y,Z,X,Y,Z,X,Y,Z,X,Y,Z,X,Y,Z,X,Y,Z,X,Y,Z,X,Y,Z,X,Y,Z,X,Y,Z,X,Y,Z,X,Y,Z,X,Y,Z,X,Y,Z,X,Y,Z,X,Y,Z,X,Y,Z,X,Y,Z,X,Y,Z,X,Y,Z,X,Y,Z,X,Y,Z,X,Y,Z,X,Y,Z,X,Y,Z,X,Y,Z,X,Y,Z,X,Y,Z,X,Y,Z,X,Y,Z,X,Y,Z,X,Y,Z,X,Y,Z,X,Y,Z,X,Y,Z,X,Y,Z,X,Y,Z,X,Y,Z,X,Y,Z,X,Y,Z,X,Y,Z,X,Y,Z,X,Y,Z,X,Y,Z,X,Y,Z,X,Y,Z,X,Y,Z,X,Y,Z,X,Y,Z,X,Y,Z,X,Y,Z,X,Y,Z,X,Y,Z,X,Y,Z,X,Y,Z,X,Y,Z,X,Y,Z,X,Y,Z,X,Y,Z,X,Y,Z,X,Y,Z,X,Y,Z,X,Y,Z,X,Y,Z,X,Y,Z,X,Y,Z,X,Y,Z,X,Y,Z,X,Y,Z,X,Y,Z,X,Y,Z,X,Y,Z,X,Y,Z,X,Y,Z,X,Y,Z
0.46,136.155,-5.065,936.506,-33.441,-4.907,900.468,135.759,-178.445,937.604,100.119,-3.909,1106.099,204.081,-123.69,508.754,-211.153,-16.741,434.701,93.306,-544.263,522.493,135.883,-91.727,937.32,243.702,-140.854,106.418,-141.08,-261.865,73.596,362.636,-526.655,134.53,204.006,-123.772,508.799,173.347,-129.308,95.195,172.562,-119.864,295.834,186.902,-329.489,104.671,373.75,-115.731,95.339,173.347,-129.308,95.195,137.615,-153.9,142.707,209.73,-182.367,95.094,212.57,-102.495,138.572,200.565,123.428,514.677,-217.576,65.187,445.489,264.634,-298.332,482.502,136.735,81.618,935.627,242.463,148.031,101.609,-155.797,263.266,68.088,129.996,-250.881,66.488,200.585,123.467,514.715,172.104,132.919,89.216,171.982,121.383,290.901,171.331,-68.765,77.68,374.117,132.141,89.294,172.104,132.919,89.216,136.35,143.119,132.574,156.359,78.016,89.148,213.769,120.925,126.397,107.793,-3.66,1429.66,-60.51,-1.898,1398.668,109.315,167.469,1431.12,138.798,-2.499,1261.354,228.378,-361.249,1252.32,486.64,-254.81,1213.86,128.311,-191.252,1050.838,175.509,-163.059,1445.797,182.325,-574.384,1095.36,429.434,-551.572,991.88,86.907,-412.284,903.238,228.412,-361.088,1252.435,187.612,-598.645,1058.16,119.647,-651.73,1083.122,245.305,-652.224,1101.301,177.001,-549.945,1132.833,230.306,360.568,1247.2,480.276,217.374,1178.057,376.137,515.653,1453.24,166.913,152.687,1448.539,183.469,581.215,1114.28,406.591,548.344,981.101,312.395,718.322,1296.435,230.324,360.485,1247.259,185.484,601.373,1076.95,142.883,666.77,1109.965,112.337,565.497,1053.628,181.463,561.152,1151.433,22.496,2.348,1722.64,50.495,2.481,1722.506,22.352,30.251,1720.315,22.374,0.023,1694.737,77.845,-73.542,1688.351,87.98,66.897,1686.128,209.916,-78.52,1614.883,205.463,64.474,1619.699,156.496,-76.886,1593.144,151.201,60.841,1586.981,45.979,1.762,1714.156,207.709,-3.57,1532.072,229.717,-5.325,1497.779,271.54,-3.76,1270.764,100.909,-3.587,1428.385,48.688,-4.868,1223.548,280.671,92.246,1404.049,172.021,-160.403,1485.639,184.587,-244.794,1426.117,222.004,-387.21,1277.173,166.788,-518.115,1174.356,124.864,-542.431,1075.016,211.248,-615.836,1142.075,175.878,-607.81,1062.465,163.002,149.212,1489.242,203.684,246.825,1423.755,233.96,384.553,1273.122,182.695,515.326,1197.964,117.404,562.476,1111.061,232.799,612.733,1150.323,176.938,614.492,1083.575,64.872,-128.654,1004.373,65.468,118.644,1002.811,235.488,-61.56,1041.074,242.706,49.845,1040.026,130.873,-190.567,768.991,63.957,-129.828,823.878,86.421,-123.095,657.297,190.554,-174.945,510.587,221.71,-56.986,506.303,228.326,-197.032,328.6,172.503,-123.067,391.615,194.977,-120.221,282.964,254.888,-174.503,99.851,226.872,-90.359,116.024,314.315,-124.571,65.354,156.339,-135.3,100.068,109.365,-120.982,50.194,110.602,-165.543,61.845,153.775,-209.172,48.834,74.305,-158.187,54.344,171.555,193.472,769.667,61.626,124.167,819.225,87.562,124.304,650.841,192.406,175.422,520.662,211.457,54.328,506.797,230.65,202.904,338.588,166.811,133.691,399.042,188.509,129.934,278.713,252.754,182.19,96.964,227.348,98.254,108.455,311.736,138.295,68.568,151.201,138.901,93.72,105.958,115.802,49.972,103.507,153.884,61.241,145.121,208.27,41.882,66.347,146.284,53.252,49.109,24.413,1357.821,60.804,23.16,1395.292,44.141,-24.881,1358.732,270.384,-35.059,1016.317,260.484,-30.73,1052.3,273.567,13.749,1009.846,172.299,-216.829,686.341,167.112,-221.06,725.653,124.149,-209.705,680.741,253.546,-210.003,228.34,249.802,-218.373,266.665,204.61,-207.916,224.822,203.497,201.689,701.482,202.093,203.298,741.596,154.821,208.28,699.22,253.651,220.767,223.388,247.622,224.769,262.394,206.331,209.809,217.075,135.569,-91.751,937.371,136.742,81.62,935.641,204.081,-123.69,508.754,200.565,123.428,514.677,243.702,-140.854,106.418,242.463,148.031,101.609,175.488,-162.978,1445.87,166.905,152.657,1448.57,228.378,-361.249,1252.32,230.306,360.568,1247.2,187.612,-598.645,1058.16,185.484,601.373,1076.95,151.851,-9.501,1044.46,173.347,-129.308,95.195,172.104,132.919,89.216,2.949,-3.833,14.196,-3.741,0.892,-31.909,5.559,-1.378,13.228,-47.319,-23.745,-20.024,3.382,-5.987,7.938,-3.107,1.808,-24.247,5.959,-1.746,15.469,-42.158,-12.854,-9.77,-1.566,0.754,-0.548,-1.566,-0.754,0.548,-3.862,45.123,-29.059,22.134,0,0,-23.13,-13.023,162.898,-10.756,-5.019,1.745,-4.596,44.426,-37.343,26.09,-0,0,-27.05,-19.843,152.971,-10.756,5.019,-1.745,-89.959,-2.702,-3.875,-89.977,-3.274,-0.221,11.997,0.363,0.131,11.997,-0.363,-0.131,10.438,-0.389,0.59,10.438,0.389,-0.59,0.251,4.764,-0.272,0.251,-4.764,0.272
0.47,136.231,-5.053,936.519,-33.366,-4.919,900.485,135.852,-178.432,937.659,100.199,-3.86,1106.112,204.097,-123.669,508.761,-211.144,-16.737,434.722,93.333,-544.243,522.549,135.924,-91.665,937.328,243.53,-140.885,106.344,-141.214,-262.139,73.977,362.742,-526.612,134.297,204.305,-123.844,508.773,173.167,-129.295,95.214,172.653,-119.863,295.854,186.613,-329.485,104.658,373.579,-115.84,95.095,173.167,-129.295,95.214,137.216,-153.859,142.576,209.627,-182.301,95.398,212.118,-102.351,138.754,200.754,123.449,514.638,-217.321,64.824,445.37,265.203,-298.26,482.559,136.87,81.664,935.582,242.378,148.038,101.571,-155.783,263.669,68.247,129.504,-250.758,66.433,200.66,123.446,514.691,172.025,132.886,89.193,171.95,121.348,290.878,171.366,-68.798,77.655,374.039,132.223,89.231,172.025,132.886,89.193,136.342,143.114,132.603,156.261,77.988,89.17,213.745,120.891,126.313,107.818,-3.544,1429.61,-60.557,-2.253,1398.989,108.939,167.591,1430.66,138.446,-2.711,1261.233,228.725,-361.006,1252.35,486.914,-254.289,1214.172,128.673,-191.031,1050.842,175.475,-162.947,1445.856,182.393,-574.34,1095.4,429.462,-551.761,991.772,86.989,-412.262,903.254,228.726,-361.004,1252.348,187.705,-598.636,1058.06,119.767,-651.779,1082.971,245.426,-652.232,1101.141,177.075,-550.019,1132.784,230.55,360.638,1247.21,480.752,217.537,1178.715,375.828,515.904,1453.504,166.802,152.828,1448.51,183.632,581.281,1114.18,407.021,548.714,981.374,312.069,718.548,1296.559,230.557,360.605,1247.225,185.687,601.462,1077.02,143.236,666.873,1110.2,112.458,565.813,1053.607,181.573,561.062,1151.401,22.441,2.404,1722.63,50.441,2.533,1722.517,22.303,30.306,1720.295,22.339,0.068,1694.728,77.862,-73.533,1688.307,87.928,66.927,1686.053,210.262,-78.482,1614.983,205.545,64.601,1619.705,156.6,-76.827,1593.161,151.465,60.736,1586.797,45.93,1.812,1714.157,207.727,-3.528,1532.161,230.613,-4.768,1497.904,271.903,-3.645,1270.908,100.931,-3.491,1428.359,48.935,-4.83,1223.431,280.923,92.288,1404.109,172.053,-160.295,1485.662,184.734,-244.712,1426.137,222.486,-386.982,1277.217,167.759,-517.941,1174.111,124.913,-542.437,1075.092,211.361,-615.725,1142.123,175.976,-607.811,1062.357,163.007,149.303,1489.208,203.592,246.734,1423.69,234.179,384.628,1273.118,182.803,515.404,1197.928,117.567,562.551,1110.995,232.974,612.801,1150.202,177.171,614.584,1083.682,65.006,-128.61,1004.402,65.503,118.685,1002.811,235.543,-61.563,1041.143,242.794,49.899,1039.979,130.918,-190.495,768.995,63.98,-129.817,823.906,86.448,-123.028,657.308,190.569,-174.95,510.607,221.757,-56.997,506.29,228.449,-197.05,328.554,172.664,-123.214,391.564,195.058,-120.276,282.865,254.676,-174.51,99.895,226.764,-90.576,116.06,314.402,-124.656,65.359,156.303,-135.286,100.119,109.457,-121.085,49.842,110.516,-165.565,61.89,153.894,-209.133,48.785,74.353,-158.195,54.429,171.656,193.468,769.653,61.613,124.172,819.262,87.968,124.252,650.646,192.408,175.438,520.591,211.401,54.333,506.826,230.745,202.89,338.499,166.807,133.677,399.05,188.493,129.991,278.782,252.711,182.196,96.894,227.339,98.269,108.427,311.78,138.284,68.596,151.224,138.866,93.71,105.91,115.77,50.048,103.486,153.831,61.308,145.13,208.255,41.887,66.367,146.306,53.242,49.063,24.483,1357.91,60.872,23.235,1395.259,44.219,-24.779,1358.74,270.483,-35.005,1016.283,260.362,-30.74,1052.227,273.758,13.791,1009.911,172.433,-216.752,686.282,167.171,-221.043,725.649,124.363,-209.574,680.648,253.604,-210.016,228.362,249.793,-218.398,266.705,204.606,-207.926,224.825,203.498,201.706,701.501,202.134,203.31,741.575,154.863,208.283,699.208,253.698,220.792,223.368,247.644,224.775,262.395,206.322,209.694,217.025,135.653,-91.738,937.405,136.81,81.632,935.633,204.097,-123.669,508.761,200.754,123.449,514.638,243.53,-140.885,106.344,242.378,148.038,101.571,175.465,-162.909,1445.89,166.792,152.798,1448.53,228.725,-361.006,1252.35,230.55,360.638,1247.21,187.705,-598.636,1058.06,185.687,601.462,1077.02,151.743,-9.555,1044.41,173.167,-129.295,95.214,172.025,132.886,89.193,2.952,-3.826,14.201,-3.805,0.887,-31.946,5.571,-1.383,13.298,-47.695,-23.732,-20.185,3.372,-5.996,7.982,-3.137,1.794,-24.357,5.953,-1.754,15.559,-42.093,-12.909,-9.797,-1.69,0.66,-0.396,-1.69,-0.66,0.396,-3.917,44.992,-28.858,22.275,0,0,-23.226,-13.083,162.888,-10.582,-4.934,1.57,-4.866,44.522,-37.248,26.157,0,0,-26.988,-19.726,152.716,-10.582,4.934,-1.57,-90.034,-2.698,-3.841,-89.989,-3.274,-0.188,11.995,0.377,0.125,11.995,-0.377,-0.125,10.309,-0.279,0.432,10.309,0.279,-0.432,0.21,4.785,-0.265,0.21,-4.785,0.265
0.48,136.295,-5.03,936.491,-33.306,-4.89,900.474,135.917,-178.409,937.597,100.279,-3.87,1106.088,204.093,-123.673,508.749,-211.17,-16.765,434.796,93.357,-544.254,522.56,136.006,-91.673,937.33,243.621,-140.844,106.346,-141.105,-262.096,73.759,362.815,-526.572,134.365,204.166,-123.805,508.753,173.248,-129.301,95.234,172.787,-119.809,295.872,186.818,-329.48,104.735,373.652,-115.725,95.052,173.248,-129.301,95.234,137.358,-153.824,142.663,209.632,-182.359,95.334,212.325,-102.422,138.702,200.589,123.411,514.677,-217.553,65.004,445.633,264.809,-298.327,482.514,136.916,81.61,935.652,242.413,147.998,101.593,-155.669,263.87,68.154,129.303,-250.733,66.472,200.575,123.479,514.706,172.043,132.905,89.236,172.021,121.356,290.921,171.211,-68.778,77.687,374.056,132.073,89.211,172.043,132.905,89.236,136.219,143.079,132.542,156.363,77.983,89.169,213.673,120.974,126.477,107.829,-3.554,1429.66,-60.455,-1.743,1398.569,109.391,167.575,1431.17,138.934,-2.353,1261.373,228.914,-360.95,1252.37,487.213,-254.399,1214.475,129.189,-190.9,1050.762,175.584,-162.865,1445.828,182.518,-574.203,1095.45,429.693,-551.872,992.021,87.426,-412.054,903.208,228.927,-360.894,1252.413,187.898,-598.548,1058.05,120.095,-651.847,1082.995,245.756,-651.975,1101.158,177.151,-549.916,1132.748,230.615,360.676,1247.1,480.913,217.747,1178.595,375.807,516.083,1453.349,167.046,152.853,1448.444,183.585,581.182,1114.06,406.991,548.706,981.261,311.946,718.574,1296.399,230.637,360.571,1247.166,185.834,601.406,1076.96,143.861,667.085,1110.218,112.353,566.373,1053.407,181.329,560.902,1151.261,22.664,2.379,1722.7,50.663,2.521,1722.549,22.51,30.281,1720.363,22.526,0.041,1694.798,77.896,-73.554,1688.249,87.875,66.907,1686.114,210.409,-78.36,1615.016,205.52,64.64,1619.64,156.63,-76.853,1593.132,151.411,60.822,1586.765,46.142,1.797,1714.196,207.708,-3.485,1532.17,229.774,-5.267,1497.758,271.725,-3.648,1270.797,100.946,-3.48,1428.387,49.009,-4.772,1223.392,281.159,92.414,1404.158,172.093,-160.276,1485.619,184.852,-244.64,1426.105,222.662,-386.923,1277.241,167.985,-517.908,1174.138,124.972,-542.239,1075.218,211.589,-615.673,1142.108,176.192,-607.75,1062.356,163.094,149.353,1489.192,203.756,246.811,1423.691,234.23,384.673,1273.009,182.932,515.424,1197.881,117.538,562.591,1110.999,232.986,612.597,1149.967,177.414,614.581,1083.631,65.077,-128.574,1004.356,65.538,118.689,1002.799,235.624,-61.586,1041.077,242.895,49.907,1039.975,130.957,-190.497,769.001,64.066,-129.836,823.91,86.463,-123.041,657.313,190.57,-174.951,510.614,221.795,-57.005,506.318,228.466,-197.088,328.57,172.568,-123.136,391.39,195.043,-120.21,282.952,254.748,-174.458,99.906,226.974,-90.4,115.966,314.399,-124.703,65.387,156.303,-135.295,100.14,109.387,-121.019,49.972,110.563,-165.445,61.998,153.732,-209.181,48.819,74.331,-158.173,54.408,171.689,193.464,769.67,61.698,124.14,819.238,87.703,124.232,650.862,192.343,175.407,520.712,211.642,54.319,506.792,230.764,202.89,338.481,166.735,133.718,399.135,188.462,129.974,278.784,252.788,182.174,96.875,227.336,98.231,108.405,311.869,138.285,68.681,151.181,138.896,93.754,106.025,115.728,49.957,103.48,153.891,61.357,145.114,208.235,41.915,66.402,146.307,53.213,49.194,24.522,1357.947,60.884,23.327,1395.249,44.298,-24.741,1358.697,270.697,-34.867,1016.103,260.609,-30.812,1052.264,273.477,13.763,1009.696,172.57,-216.801,686.229,167.31,-221.012,725.653,124.153,-209.739,680.836,253.584,-210.017,228.358,249.863,-218.359,266.703,204.644,-207.881,224.792,203.466,201.695,701.521,202.192,203.264,741.58,154.87,208.304,699.223,253.804,220.79,223.375,247.641,224.769,262.301,206.333,209.86,217.123,135.716,-91.715,937.359,136.874,81.655,935.622,204.093,-123.673,508.749,200.589,123.411,514.677,243.621,-140.844,106.346,242.413,147.998,101.593,175.577,-162.837,1445.85,167.021,152.772,1448.52,228.914,-360.95,1252.37,230.615,360.676,1247.1,187.898,-598.548,1058.05,185.834,601.406,1076.96,151.975,-9.419,1044.46,173.248,-129.301,95.234,172.043,132.905,89.236,2.958,-3.837,14.195,-3.762,0.898,-31.94,5.621,-1.38,13.26,-47.572,-23.67,-20.083,3.396,-5.987,7.954,-3.093,1.814,-24.358,5.986,-1.753,15.543,-42.252,-12.813,-9.687,-1.525,0.769,-0.57,-1.525,-0.769,0.57,-3.943,45.109,-29.025,22.299,-0,-0,-23.287,-13.054,162.706,-10.825,-5.053,1.79,-4.594,44.398,-37.212,26.144,0,0,-27.181,-19.488,152.381,-10.825,5.053,-1.79,-90.052,-2.715,-3.875,-90.007,-3.277,-0.236,11.99,0.365,0.125,11.99,-0.365,-0.125,10.472,-0.402,0.606,10.472,0.402,-0.606,0.284,4.79,-0.291,0.284,-4.79,0.291
0.49,136.422,-5.027,936.524,-33.186,-5.034,900.541,136.199,-178.406,937.608,100.44,-3.92,1106.129,204.144,-123.673,508.779,-211.081,-16.645,434.784,93.288,-544.223,522.558,136.018,-91.673,937.354,243.401,-140.841,106.403,-141.43,-261.841,74.119,362.366,-526.647,134.318,204.278,-123.787,508.841,173.038,-129.285,95.239,172.414,-119.893,295.881,186.579,-329.47,104.651,373.443,-115.73,95.228,173.038,-129.285,95.239,137.088,-153.831,142.61,209.448,-182.325,95.387,212.036,-102.393,138.77,200.723,123.432,514.717,-217.386,64.989,445.504,264.987,-298.304,482.615,136.878,81.661,935.669,242.425,148.037,101.624,-155.774,263.52,68.232,129.702,-250.803,66.498,200.654,123.459,514.74,172.067,132.916,89.24,171.967,121.382,290.925,171.316,-68.768,77.705,374.081,132.161,89.296,172.067,132.916,89.24,136.477,143.219,132.707,156.225,78.041,89.276,213.836,120.883,126.291,108.04,-3.488,1429.51,-60.363,-2.088,1399.044,109.248,167.646,1430.697,138.515,-2.535,1261.106,228.105,-360.911,1252.26,485.738,-253.496,1212.322,126.281,-191.44,1051.215,175.522,-162.797,1445.893,182.76,-574.173,1095.46,429.344,-549.852,991.074,85.667,-412.575,903.755,228.158,-360.664,1252.446,188.035,-598.544,1058.02,120.13,-651.678,1083.04,245.814,-652.127,1101.04,177.507,-549.904,1132.744,230.762,360.692,1247.18,481.13,217.707,1179.049,375.707,516.151,1453.563,166.906,152.946,1448.512,183.676,581.272,1114.1,407.199,548.958,981.458,311.818,718.71,1296.558,230.767,360.666,1247.201,186.109,601.409,1076.76,144.097,667.294,1109.558,112.672,566.37,1053.077,181.257,561.246,1151.225,22.728,2.472,1722.62,50.728,2.555,1722.477,22.634,30.371,1720.239,22.593,0.09,1694.722,77.828,-73.535,1688.25,87.854,66.901,1686.066,210.534,-78.161,1615.032,205.626,64.641,1619.831,156.637,-76.804,1593.086,151.461,59.993,1586.879,46.207,1.827,1714.126,207.812,-3.385,1532.174,230.775,-4.83,1498.007,271.895,-3.544,1270.78,101.152,-3.431,1428.256,49.564,-5.008,1223.396,281.34,92.515,1404.23,172.165,-160.207,1485.615,184.907,-244.561,1426.107,221.785,-386.882,1277.116,168.229,-517.825,1174.098,125.256,-542.334,1075.18,211.752,-615.586,1142.107,176.312,-607.717,1062.337,163.147,149.445,1489.169,203.774,246.862,1423.693,234.378,384.69,1273.091,183.056,515.455,1197.939,117.715,562.609,1110.987,232.94,612.736,1150.037,177.681,614.626,1083.342,65.24,-128.631,1004.381,65.546,118.702,1002.852,236.105,-61.505,1041.132,242.82,49.9,1039.968,130.949,-190.515,768.98,64.107,-129.773,823.946,86.438,-123.031,657.359,190.652,-174.945,510.628,221.818,-57.002,506.318,228.351,-197.02,328.64,172.578,-123.115,391.619,195.026,-120.227,282.922,254.498,-174.454,99.962,226.786,-90.597,116.102,314.43,-124.646,65.382,156.281,-135.292,100.142,109.47,-121.043,49.943,110.679,-165.562,61.742,153.814,-209.137,48.818,74.272,-158.23,54.437,171.659,193.456,769.685,61.691,124.198,819.322,87.855,124.274,650.797,192.46,175.433,520.708,211.696,54.308,506.649,230.769,202.914,338.602,166.744,133.693,399.133,188.59,129.941,278.77,252.715,182.205,96.91,227.364,98.257,108.423,311.769,138.314,68.578,151.172,138.896,93.746,105.748,115.84,50.179,103.453,153.895,61.333,145.075,208.284,41.871,66.46,146.318,53.194,49.255,24.644,1357.915,61.156,23.384,1395.15,44.387,-24.686,1358.674,270.547,-34.943,1016.256,260.722,-30.704,1052.259,273.651,13.813,1009.66,172.549,-216.8,686.335,167.417,-220.899,725.582,124.216,-209.715,680.797,254.314,-210.011,228.736,250.017,-218.3,266.733,204.635,-207.931,224.854,203.451,201.742,701.517,202.242,203.331,741.579,154.935,208.271,699.209,253.742,220.796,223.22,247.699,224.764,262.386,206.391,209.709,217.065,135.922,-91.712,937.382,136.922,81.659,935.666,204.144,-123.673,508.779,200.723,123.432,514.717,243.401,-140.841,106.403,242.425,148.037,101.624,175.538,-162.855,1445.84,166.912,152.965,1448.5,228.105,-360.911,1252.26,230.762,360.692,1247.18,188.035,-598.544,1058.02,186.109,601.409,1076.76,151.853,-9.481,1044.36,173.038,-129.285,95.239,172.067,132.916,89.24,2.945,-3.852,14.262,-3.813,0.882,-31.922,5.522,-1.378,13.235,-47.615,-23.678,-20.122,3.356,-5.969,7.909,-3.124,1.797,-24.311,5.952,-1.75,15.512,-41.999,-12.976,-9.822,-1.726,0.671,-0.481,-1.726,-0.671,0.481,-3.842,45.04,-29.227,21.967,0,0,-23.064,-13.03,163.219,-10.592,-5.085,1.53,-4.898,44.472,-37.109,26.205,0,0,-27.526,-19.598,152.498,-10.592,5.085,-1.53,-90.003,-2.686,-3.87,-89.984,-3.273,-0.214,11.978,0.358,0.073,11.978,-0.358,-0.073,10.257,-0.319,0.469,10.257,0.319,-0.469,0.278,4.88,-0.169,0.278,-4.88,0.169
0.5,136.406,-5.018,936.548,-33.206,-4.958,900.583,136.112,-178.398,937.646,100.442,-3.883,1106.156,204.275,-123.709,508.774,-210.897,-16.501,434.744,93.24,-544.213,522.516,136.12,-91.707,937.344,243.615,-140.827,106.334,-141.071,-262.234,73.846,362.974,-526.507,134.301,204.264,-123.825,508.752,173.239,-129.296,95.224,172.778,-119.834,295.864,186.85,-329.473,104.695,373.64,-115.679,95.042,173.239,-129.296,95.224,137.525,-154.041,142.671,209.663,-182.326,94.984,212.441,-102.566,138.672,200.742,123.493,514.656,-217.359,64.841,445.572,265.22,-298.202,482.449,137.061,81.605,935.621,242.403,148.057,101.577,-155.638,264.114,68.295,129.104,-250.614,66.391,200.686,123.451,514.697,172.05,132.908,89.198,171.973,121.358,290.882,171.383,-68.775,77.648,374.064,132.238,89.237,172.05,132.908,89.198,136.523,143.193,132.722,156.223,78.028,89.248,213.879,120.879,126.183,107.998,-3.403,1429.5,-60.245,-2.032,1398.162,109.144,167.73,1430.828,139.345,-2.307,1261.257,228.259,-360.81,1252.26,485.86,-253.37,1212.187,126.32,-191.371,1051.247,175.747,-162.682,1445.898,183.057,-574.099,1095.4,429.625,-549.588,991.02,85.854,-412.531,903.726,228.306,-360.588,1252.427,188.189,-598.481,1057.98,120.232,-651.461,1083.183,245.957,-652.168,1100.886,177.941,-549.787,1132.707,230.817,360.831,1246.99,481.138,217.892,1178.593,375.952,516.314,1453.222,167.211,153.071,1448.387,183.711,581.175,1114.02,407.124,548.79,981.21,312.021,718.633,1296.345,230.868,360.592,1247.135,186.31,601.427,1076.71,144.326,667.309,1109.551,112.879,566.606,1052.689,181.13,561.07,1151.047,22.585,2.379,1722.53,50.584,2.437,1722.427,22.519,30.281,1720.188,22.486,0.037,1694.628,77.881,-73.531,1688.164,87.817,66.901,1686.065,210.532,-78.176,1615.109,205.528,64.729,1619.781,156.593,-76.773,1593.076,151.86,59.888,1586.709,46.075,1.725,1714.074,207.704,-3.357,1532.162,230.828,-4.757,1498.014,273.128,-3.278,1270.976,101.117,-3.347,1428.223,49.642,-4.956,1223.345,281.257,92.501,1404.161,172.199,-160.221,1485.566,185.027,-244.496,1426.09,221.911,-386.78,1277.11,168.393,-517.794,1174.139,125.511,-542.302,1075.103,212.097,-615.496,1142.062,176.456,-607.628,1062.333,163.221,149.51,1489.156,203.839,246.903,1423.692,234.429,384.835,1272.885,183.239,515.509,1197.859,117.936,562.682,1110.743,232.702,612.429,1150.101,177.888,614.643,1083.297,65.184,-128.608,1004.422,65.563,118.707,1002.875,235.965,-61.513,1041.127,242.972,49.914,1039.996,130.981,-190.522,769.046,64.23,-129.775,823.872,86.624,-123.079,657.296,190.711,-174.93,510.636,221.897,-57.018,506.345,228.481,-197,328.575,172.684,-123.216,391.407,195.08,-120.255,282.916,254.762,-174.435,99.903,226.849,-90.6,116.064,314.352,-124.662,65.318,156.264,-135.292,100.127,109.239,-120.867,50.247,110.63,-165.557,61.772,153.891,-209.11,48.815,74.387,-158.202,54.358,171.781,193.499,769.635,61.787,124.085,819.301,87.853,124.234,650.815,192.494,175.495,520.636,211.658,54.326,506.779,230.904,202.922,338.488,166.739,133.721,399.134,188.563,129.999,278.784,252.758,182.228,96.86,227.377,98.273,108.397,311.742,138.346,68.572,151.28,138.892,93.717,105.773,115.821,50.193,103.393,153.878,61.337,145.06,208.282,41.838,66.338,146.383,53.408,49.333,24.726,1357.84,61.184,23.457,1395.129,44.433,-24.59,1358.641,271.06,-34.828,1015.87,260.686,-30.669,1052.231,273.557,13.806,1009.554,172.581,-216.802,686.332,167.412,-220.906,725.649,124.234,-209.736,680.841,253.82,-210.005,228.441,249.729,-218.412,266.669,204.658,-207.895,224.826,203.484,201.774,701.595,202.382,203.339,741.393,154.973,208.284,699.207,253.676,220.822,223.329,247.609,224.791,262.357,206.298,209.807,217.101,135.871,-91.704,937.413,136.942,81.667,935.683,204.275,-123.709,508.774,200.742,123.493,514.656,243.615,-140.827,106.334,242.403,148.057,101.577,175.771,-162.771,1445.81,167.175,152.954,1448.5,228.259,-360.81,1252.26,230.817,360.831,1246.99,188.189,-598.481,1057.98,186.31,601.427,1076.71,152.191,-9.382,1044.43,173.239,-129.296,95.224,172.05,132.908,89.198,2.933,-3.844,14.264,-3.787,0.895,-32.005,5.605,-1.381,13.273,-47.469,-23.874,-19.933,3.374,-5.992,7.96,-3.112,1.809,-24.422,5.954,-1.759,15.618,-41.918,-12.979,-9.836,-1.423,0.731,-0.448,-1.423,-0.731,0.448,-3.609,45.081,-29.454,21.921,0,0,-22.857,-13.072,163.228,-10.809,-5.058,1.473,-4.644,44.403,-37.362,26.176,0,-0,-27.657,-19.315,152.547,-10.809,5.058,-1.473,-90.052,-2.706,-3.887,-89.989,-3.277,-0.191,11.972,0.363,0.097,11.972,-0.363,-0.097,10.554,-0.367,0.459,10.554,0.367,-0.459,0.202,4.798,-0.118,0.202,-4.798,0.118
0.51,136.517,-5.012,936.533,-33.089,-4.977,900.539,136.238,-178.391,937.682,100.524,-3.829,1106.135,204.273,-123.7,508.79,-210.932,-16.633,434.74,93.369,-544.237,522.59,136.103,-91.659,937.355,243.552,-140.883,106.449,-141.075,-262.461,73.904,363.043,-526.495,134.789,204.028,-123.558,508.837,173.218,-129.318,95.116,172.124,-119.869,295.753,186.702,-329.503,104.617,373.625,-115.798,95.572,173.218,-129.318,95.116,137.514,-153.967,142.62,209.559,-182.405,94.883,212.506,-102.613,138.501,200.668,123.413,514.74,-217.467,64.801,445.824,265.062,-298.309,482.714,137.12,81.738,935.746,242.436,148.052,101.592,-155.578,264.199,68.296,129.051,-250.593,66.38,200.693,123.434,514.708,172.075,132.933,89.217,172.013,121.363,290.901,171.323,-68.749,77.647,374.089,132.179,89.237,172.075,132.933,89.217,136.514,143.261,132.703,156.221,78.061,89.285,213.864,120.904,126.248,107.603,-3.25,1429.96,-60.633,-1.689,1398.592,108.932,167.881,1431.35,138.982,-2.127,1261.723,228.419,-360.714,1252.23,485.991,-253.205,1212.155,126.434,-191.306,1051.214,175.853,-162.597,1445.864,183.222,-574.048,1095.37,429.774,-549.513,990.959,85.974,-412.511,903.692,228.461,-360.517,1252.372,188.54,-598.567,1057.82,120.586,-651.635,1082.848,246.253,-652.122,1100.963,177.968,-549.824,1132.47,230.907,360.753,1247.09,481.161,217.744,1178.594,376.146,516.127,1453.331,167.275,152.96,1448.444,183.91,581.316,1114.02,407.301,548.79,981.208,312.312,718.678,1296.352,230.92,360.694,1247.123,186.475,601.383,1076.85,144.531,667.353,1109.565,113.018,566.523,1052.964,181.338,561.203,1151.286,22.802,2.153,1722.48,50.8,2.518,1722.455,22.436,30.043,1720.029,22.809,-0.298,1694.588,77.934,-73.537,1688.158,87.913,66.911,1686.025,210.743,-78.132,1615.2,205.42,64.697,1619.771,158.874,-75.52,1592.714,151.866,59.98,1586.815,46.322,1.725,1714.088,207.888,-3.287,1532.203,230.763,-4.76,1498.058,273.137,-3.243,1270.868,100.722,-3.186,1428.684,49.826,-4.926,1223.366,281.542,92.578,1404.29,172.297,-160.135,1485.644,185.139,-244.457,1426.065,222.086,-386.685,1277.08,168.595,-517.74,1174.158,125.78,-542.238,1075.013,212.11,-615.418,1142.062,176.808,-607.729,1062.145,163.306,149.577,1489.181,203.876,246.96,1423.686,234.525,384.751,1273.002,183.374,515.554,1197.847,117.917,562.797,1110.753,233.162,612.621,1150.117,178.061,614.617,1083.411,65.286,-128.601,1004.44,65.681,118.753,1002.799,236.104,-61.453,1041.13,242.996,49.933,1040,131.007,-190.491,769.013,64.21,-129.76,823.909,86.619,-123.087,657.339,190.73,-174.936,510.666,221.955,-56.999,506.307,228.445,-197.035,328.65,172.368,-122.853,391.74,194.93,-120.243,282.943,254.753,-174.478,99.918,226.879,-90.565,116.047,314.374,-124.656,65.344,156.363,-135.315,99.974,109.333,-120.865,50.155,110.669,-165.578,61.753,153.826,-209.085,48.789,74.339,-158.203,54.38,171.836,193.518,769.638,61.784,124.228,819.471,87.888,124.189,650.831,192.365,175.444,520.823,211.714,54.349,506.703,230.934,202.929,338.505,166.789,133.703,399.139,188.538,130,278.773,252.811,182.211,96.903,227.424,98.307,108.461,311.794,138.28,68.626,151.244,138.919,93.734,105.767,115.846,50.183,103.419,153.87,61.312,145.133,208.274,41.85,66.427,146.319,53.3,49.501,24.737,1357.782,61.318,23.508,1395.076,44.727,-24.527,1358.434,270.98,-34.803,1015.882,260.704,-30.62,1052.21,273.525,13.854,1009.491,172.567,-216.844,686.408,167.301,-221.004,725.731,124.266,-209.73,680.844,253.861,-209.98,228.445,249.829,-218.324,266.707,204.62,-207.906,224.83,203.159,201.732,701.919,202.421,203.378,741.464,155.014,208.291,699.203,253.803,220.809,223.454,247.555,224.787,262.416,206.356,209.829,217.094,135.987,-91.697,937.423,137.046,81.674,935.642,204.273,-123.7,508.79,200.668,123.413,514.74,243.552,-140.883,106.449,242.436,148.052,101.592,175.85,-162.584,1445.87,167.256,152.898,1448.51,228.419,-360.714,1252.23,230.907,360.753,1247.09,188.54,-598.567,1057.82,186.475,601.383,1076.85,152.124,-9.334,1044.6,173.218,-129.318,95.116,172.075,132.933,89.217,2.941,-3.833,14.252,-3.755,0.862,-32.011,5.443,-1.385,13.333,-47.2,-23.808,-19.925,3.402,-5.98,7.948,-3.085,1.783,-24.425,5.962,-1.758,15.606,-41.981,-13.009,-9.811,-1.424,0.754,-0.52,-1.424,-0.754,0.52,-3.658,45.084,-29.518,21.932,0,0,-23.034,-12.943,163.297,-10.664,-5.175,2.186,-4.598,44.406,-37.349,26.15,0,0,-27.695,-19.457,152.57,-10.664,5.175,-2.186,-89.869,-2.702,-3.86,-89.995,-3.283,-0.214,11.982,0.38,0.093,11.982,-0.38,-0.093,10.565,-0.376,0.523,10.565,0.376,-0.523,-0.014,5.022,-0.751,-0.014,-5.022,0.751
0.52,136.711,-4.966,936.573,-32.906,-5.015,900.632,136.528,-178.345,937.677,100.771,-3.848,1106.187,204.241,-123.675,508.758,-210.952,-16.459,434.861,93.207,-544.18,522.501,136.215,-91.705,937.351,243.548,-140.881,106.38,-141.211,-262.103,74.071,362.724,-526.614,134.401,204.36,-123.755,508.809,173.192,-129.296,95.2,172.533,-119.873,295.841,186.646,-329.485,104.646,373.603,-115.826,95.226,173.192,-129.296,95.2,137.484,-153.957,142.695,209.715,-182.259,95.16,212.307,-102.356,138.596,200.803,123.49,514.683,-217.3,64.755,445.679,265.347,-298.2,482.542,137.199,81.668,935.666,242.463,148.055,101.579,-155.806,263.326,68.296,129.937,-250.847,66.529,200.831,123.498,514.71,172.106,132.924,89.199,172.015,121.42,290.887,171.38,-68.762,77.695,374.12,132.194,89.249,172.106,132.924,89.199,136.402,143.147,132.593,156.36,78.021,89.179,213.815,120.949,126.338,107.598,-3.236,1429.95,-60.617,-1.693,1398.473,108.907,167.895,1431.345,139.086,-2.106,1261.733,229.504,-360.385,1252.26,487.448,-253.11,1213.992,128.996,-190.562,1050.85,175.926,-162.497,1445.85,183.345,-573.989,1095.19,430.286,-550.994,991.35,87.506,-412.056,903.137,229.46,-360.587,1252.112,188.613,-598.525,1057.82,120.53,-651.388,1082.929,246.185,-652.11,1101.114,178.107,-549.592,1132.355,231.016,360.831,1247.06,481.164,217.715,1178.399,376.437,516.079,1453.267,167.383,153.017,1448.392,184.185,581.457,1113.98,407.519,548.726,981.123,312.749,718.707,1296.283,231.023,360.796,1247.079,186.74,601.394,1076.79,144.806,667.458,1109.328,113.276,566.47,1053.02,181.619,561.426,1151.341,22.081,2.373,1722.38,50.08,2.486,1722.38,21.968,30.274,1720.032,22.09,0.025,1694.479,77.807,-73.492,1688.119,87.863,66.956,1685.983,210.573,-78.122,1615.124,205.385,64.765,1619.777,156.965,-76.437,1593.156,151.927,59.97,1586.827,45.603,1.764,1714.007,207.745,-3.279,1532.238,230.676,-4.733,1498.017,273.162,-3.208,1271.047,100.718,-3.173,1428.658,49.843,-4.772,1223.395,281.554,92.621,1404.358,172.347,-160.04,1485.631,185.2,-244.388,1426.059,223.351,-386.382,1277.132,169.149,-517.737,1173.774,125.95,-542.065,1074.698,212.151,-615.355,1142.015,176.859,-607.652,1062.153,163.382,149.608,1489.159,203.917,247.004,1423.694,234.643,384.824,1272.971,183.564,515.598,1197.817,118.008,562.825,1110.728,233.652,612.897,1150.058,178.328,614.647,1083.32,65.426,-128.53,1004.451,65.722,118.766,1002.859,236.702,-61.414,1041.166,243.106,49.941,1040.026,130.996,-190.467,768.981,64.316,-129.778,823.903,86.634,-123.076,657.349,190.684,-174.901,510.648,222.018,-57.014,506.311,228.504,-197.014,328.63,172.655,-123.141,391.617,195.152,-120.231,282.872,254.665,-174.501,99.926,226.743,-90.578,116.062,314.418,-124.656,65.368,156.366,-135.291,100.096,109.258,-121.082,50.026,110.72,-165.561,61.813,153.944,-209.148,48.808,74.298,-158.201,54.445,171.911,193.524,769.638,61.83,124.133,819.36,88.034,124.223,650.835,192.479,175.5,520.69,211.743,54.362,506.706,230.839,202.928,338.501,166.889,133.701,399.093,188.699,129.978,278.761,252.727,182.226,96.912,227.335,98.257,108.427,311.772,138.322,68.556,151.234,138.905,93.708,105.941,115.785,50.027,103.574,153.823,61.259,145.164,208.274,41.911,66.398,146.298,53.298,49.472,24.852,1357.867,61.38,23.603,1395.047,44.682,-24.435,1358.606,271.021,-34.794,1015.873,260.718,-30.666,1052.157,273.541,13.838,1009.457,172.623,-216.8,686.466,167.511,-220.837,725.679,124.295,-209.733,680.876,253.866,-209.99,228.453,249.949,-218.346,266.686,204.654,-207.908,224.833,203.265,201.747,701.943,202.414,203.39,741.526,155.039,208.321,699.236,253.736,220.843,223.295,247.737,224.764,262.338,206.316,209.802,217.1,136.231,-91.651,937.441,137.192,81.72,935.705,204.241,-123.675,508.758,200.803,123.49,514.683,243.548,-140.881,106.38,242.463,148.055,101.579,175.921,-162.481,1445.86,167.353,152.918,1448.49,229.504,-360.385,1252.26,231.016,360.831,1247.06,188.613,-598.525,1057.82,186.74,601.394,1076.79,152.204,-9.28,1044.6,173.192,-129.296,95.2,172.106,132.924,89.199,2.945,-3.844,14.301,-3.788,0.872,-31.979,5.522,-1.382,13.292,-47.446,-23.854,-20.176,3.373,-5.98,7.935,-3.113,1.807,-24.319,5.934,-1.748,15.491,-42.106,-12.883,-9.769,-1.368,0.735,-0.542,-1.368,-0.735,0.542,-3.831,45.03,-29.226,22.312,-0,0,-23.038,-12.887,163.056,-10.646,-5.064,1.632,-4.577,44.407,-37.423,26.117,0,0,-27.764,-19.603,152.645,-10.646,5.064,-1.632,-89.993,-2.695,-3.845,-89.986,-3.264,-0.207,11.964,0.365,0.06,11.964,-0.365,-0.06,10.602,-0.378,0.517,10.602,0.378,-0.517,-0.019,4.81,-0.232,-0.019,-4.81,0.232
0.53,136.861,-4.994,936.554,-32.742,-5.177,900.546,136.81,-178.374,937.678,100.853,-3.884,1106.153,204.231,-123.677,508.748,-210.989,-16.512,434.929,93.246,-544.193,522.544,136.29,-91.685,937.353,243.563,-140.917,106.336,-141.045,-262.623,74.046,363.199,-526.488,134.624,204.292,-123.579,508.748,173.197,-129.31,95.241,172.818,-119.677,295.872,186.567,-329.496,104.878,373.614,-115.937,94.978,173.197,-129.31,95.241,137.37,-153.927,142.669,209.71,-182.279,95.33,212.212,-102.342,138.709,200.743,123.486,514.701,-217.425,65.146,445.756,264.887,-298.262,482.527,137.162,81.7,935.691,242.312,148.104,101.611,-155.771,264.085,68.57,129.071,-250.587,66.457,200.84,123.455,514.753,171.971,132.931,89.193,171.775,121.437,290.881,171.369,-68.756,77.699,373.985,132.319,89.355,171.971,132.931,89.193,136.391,143.186,132.681,156.196,78.036,89.231,213.774,120.943,126.222,107.992,-3.191,1429.75,-60.223,-1.876,1398.261,109.105,167.943,1430.954,139.489,-2.212,1261.534,229.613,-360.305,1252.21,487.384,-252.672,1213.779,128.731,-190.58,1050.905,175.904,-162.527,1445.877,183.503,-574,1095.14,430.317,-550.752,991.053,87.308,-412.16,903.187,229.558,-360.555,1252.021,188.725,-598.405,1057.83,120.571,-651.223,1082.842,246.225,-652.144,1101.029,178.282,-549.592,1132.453,231.301,360.864,1247.17,481.671,217.881,1179.043,376.214,516.235,1453.641,167.381,153.051,1448.413,184.414,581.497,1114.05,407.996,549.058,981.538,312.528,718.857,1296.586,231.301,360.861,1247.173,187.025,601.352,1076.8,145.25,667.596,1109.176,113.479,566.554,1053.101,181.794,561.572,1151.444,22.281,2.34,1722.32,50.28,2.474,1722.331,22.148,30.241,1719.975,22.303,-0.006,1694.418,77.904,-73.504,1688.069,87.772,67.031,1685.795,211.104,-77.782,1615.194,205.664,64.761,1619.957,157.286,-76.283,1593.128,152.064,59.981,1586.922,45.807,1.749,1713.955,207.82,-3.245,1532.221,230.653,-4.469,1497.996,273.166,-3.147,1270.954,101.112,-3.137,1428.456,49.971,-4.8,1223.398,281.674,92.675,1404.4,172.304,-160.084,1485.6,185.282,-244.339,1426.024,223.529,-386.315,1277.084,169.259,-517.644,1173.731,126.189,-542.166,1074.675,212.22,-615.27,1141.927,176.958,-607.524,1062.147,163.411,149.724,1489.068,204.067,247.047,1423.706,234.897,384.856,1273.094,183.715,515.613,1197.809,118.166,562.84,1110.901,234.007,612.987,1150.049,178.645,614.641,1083.29,65.651,-128.668,1004.4,65.775,118.786,1002.82,236.904,-61.363,1041.246,243.092,49.982,1039.991,131.041,-190.491,769.07,64.393,-129.762,823.871,86.637,-123.077,657.347,190.677,-174.887,510.634,221.92,-56.972,506.257,228.608,-197.025,328.581,172.582,-122.999,391.558,195.079,-120.205,282.813,254.722,-174.514,99.93,227.086,-90.485,115.921,314.438,-124.67,65.388,156.348,-135.29,100.164,109.38,-121.117,49.987,110.61,-165.58,61.836,153.917,-209.141,48.81,74.315,-158.185,54.527,171.933,193.546,769.651,61.87,124.223,819.359,87.88,124.314,650.964,192.552,175.513,520.671,211.736,54.306,506.687,230.928,202.93,338.527,166.856,133.775,399.176,188.594,130.007,278.743,252.621,182.264,97.038,227.431,98.313,108.446,311.794,138.324,68.626,151.211,138.912,93.7,105.804,115.813,50.166,103.515,153.852,61.295,145.127,208.246,42.031,66.494,146.299,53.222,49.629,24.911,1357.758,61.47,23.63,1395.012,44.91,-24.393,1358.331,271.156,-34.775,1015.88,260.808,-30.651,1052.182,273.567,13.854,1009.382,172.659,-216.822,686.418,167.468,-220.928,725.699,124.334,-209.74,680.845,253.816,-210.059,228.429,249.974,-218.3,266.676,204.644,-207.873,224.816,203.265,201.834,701.921,202.503,203.406,741.474,155.051,208.327,699.252,253.818,220.822,223.438,247.718,224.816,262.315,206.232,209.846,216.994,136.446,-91.68,937.432,137.277,81.692,935.676,204.231,-123.677,508.748,200.743,123.486,514.701,243.563,-140.917,106.336,242.312,148.104,101.611,175.912,-162.561,1445.84,167.386,153.068,1448.4,229.613,-360.305,1252.21,231.301,360.864,1247.17,188.725,-598.405,1057.83,187.025,601.352,1076.8,152.41,-9.333,1044.52,173.197,-129.31,95.241,171.971,132.931,89.193,2.982,-3.847,14.339,-3.758,0.852,-32.044,5.62,-1.388,13.382,-47.665,-23.858,-20.181,3.394,-5.975,7.837,-3.128,1.79,-24.369,5.884,-1.76,15.63,-41.933,-12.944,-9.815,-1.387,0.684,-0.508,-1.387,-0.684,0.508,-3.798,44.953,-29.256,22.34,-0,0,-23.05,-12.975,163.215,-10.624,-5,1.595,-4.686,44.458,-37.373,26.166,0,-0,-27.88,-19.724,152.472,-10.624,5,-1.595,-90.075,-2.755,-3.817,-89.954,-3.262,-0.174,11.986,0.372,0.017,11.986,-0.372,-0.017,10.605,-0.328,0.44,10.605,0.328,-0.44,-0.046,4.805,-0.275,-0.046,-4.805,0.275
0.54,136.944,-4.949,936.553,-32.662,-5.17,900.562,136.945,-178.329,937.61,100.953,-3.915,1106.156,204.256,-123.657,508.738,-210.994,-16.561,434.987,93.334,-544.187,522.615,136.395,-91.614,937.352,243.66,-140.949,106.346,-140.917,-262.724,73.951,363.355,-526.498,134.69,204.268,-123.595,508.745,173.302,-129.305,95.243,172.911,-119.657,295.874,186.566,-329.497,104.897,373.726,-116.038,94.996,173.302,-129.305,95.243,137.43,-153.885,142.656,209.802,-182.283,95.393,212.288,-102.322,138.728,200.79,123.505,514.702,-217.373,65.094,445.79,265.004,-298.232,482.516,137.25,81.701,935.697,242.417,148.067,101.543,-155.746,263.739,68.385,129.486,-250.718,66.457,200.87,123.483,514.681,172.057,132.947,89.166,171.973,121.432,290.853,171.303,-68.738,77.651,374.071,132.19,89.207,172.057,132.947,89.166,136.346,143.111,132.568,156.391,78.021,89.139,213.79,121.026,126.295,108.008,-3.117,1429.72,-60.208,-1.742,1398.237,109.176,168.017,1430.953,139.499,-2.12,1261.503,229.728,-360.265,1252.19,487.491,-252.658,1213.635,128.769,-190.539,1050.924,176.127,-162.474,1445.873,183.687,-573.92,1095.11,430.484,-550.565,991.006,87.418,-412.08,903.194,229.68,-360.487,1252.025,188.949,-598.296,1057.74,120.853,-651.223,1082.678,246.504,-652.015,1100.891,178.432,-549.579,1132.415,231.483,360.908,1247.29,482.082,218.155,1179.522,375.957,516.415,1453.967,167.467,153.038,1448.443,184.523,581.544,1114.1,408.313,549.361,981.878,312.249,719.024,1296.818,231.475,360.945,1247.261,187.222,601.387,1076.77,145.505,667.73,1109.017,113.655,566.68,1053.003,181.822,561.693,1151.448,22.526,2.338,1722.3,50.525,2.476,1722.291,22.387,30.239,1719.955,22.528,-0.007,1694.398,77.894,-73.458,1687.996,87.799,66.999,1686.043,210.179,-78.144,1615.218,205.496,64.85,1619.849,157.347,-76.291,1593.129,152.07,60.05,1586.955,46.046,1.751,1713.916,207.86,-3.151,1532.241,230.778,-4.446,1497.985,273.303,-3.1,1270.838,101.128,-3.061,1428.428,49.791,-4.634,1223.439,281.731,92.721,1404.451,172.529,-159.969,1485.644,185.396,-244.276,1426.019,223.625,-386.273,1277.061,169.512,-517.553,1173.637,126.308,-542.12,1074.646,212.488,-615.181,1141.913,177.193,-607.434,1062.045,163.516,149.768,1489.044,204.109,247.094,1423.719,235.03,384.901,1273.207,183.871,515.662,1197.778,118.266,562.888,1110.927,234.116,613.031,1150.121,178.854,614.696,1083.242,65.855,-128.706,1004.368,65.782,118.856,1002.866,236.926,-61.322,1041.206,243.223,49.979,1039.998,131.105,-190.437,769.076,64.485,-129.708,823.932,86.693,-123.073,657.353,190.726,-174.864,510.606,221.929,-56.955,506.324,228.655,-197.042,328.551,172.578,-123.032,391.61,195.096,-120.192,282.869,254.862,-174.587,99.86,226.886,-90.588,116.033,314.414,-124.675,65.288,156.313,-135.267,100.156,109.391,-121.112,49.934,110.762,-165.407,61.902,153.864,-209.103,48.817,74.277,-158.195,54.456,172.011,193.564,769.696,61.937,124.228,819.331,87.949,124.29,650.957,192.559,175.529,520.69,211.867,54.382,506.744,230.947,202.969,338.471,166.903,133.724,399.111,188.628,129.955,278.731,252.737,182.246,96.856,227.378,98.276,108.399,311.81,138.319,68.579,151.265,138.938,93.682,105.97,115.745,49.979,103.497,153.839,61.331,145.12,208.28,41.962,66.421,146.311,53.256,49.708,24.99,1357.718,61.531,23.69,1394.973,45.082,-24.309,1358.323,271.25,-34.716,1015.9,260.771,-30.629,1052.103,273.599,13.853,1009.314,172.715,-216.764,686.318,167.588,-220.816,725.63,124.348,-209.709,680.846,253.818,-209.989,228.426,250.015,-218.278,266.72,204.656,-207.869,224.799,203.297,201.844,701.97,202.581,203.431,741.487,155.126,208.332,699.232,253.836,220.773,223.437,247.722,224.837,262.264,206.42,209.862,217.096,136.556,-91.635,937.398,137.332,81.738,935.708,204.256,-123.657,508.738,200.79,123.505,514.702,243.66,-140.949,106.346,242.417,148.067,101.543,176.124,-162.465,1445.88,167.49,153.111,1448.37,229.728,-360.265,1252.19,231.483,360.908,1247.29,188.949,-598.296,1057.74,187.222,601.387,1076.77,152.484,-9.289,1044.5,173.302,-129.305,95.243,172.057,132.947,89.166,2.988,-3.878,14.344,-3.732,0.864,-32.043,5.635,-1.391,13.421,-47.702,-23.848,-20.213,3.393,-5.953,7.832,-3.114,1.802,-24.333,5.926,-1.752,15.54,-42.081,-12.815,-9.706,-1.383,0.664,-0.542,-1.383,-0.664,0.542,-3.791,44.961,-29.284,22.304,0,0,-23.111,-13.011,163.204,-10.664,-5.003,1.627,-4.694,44.471,-37.263,26.179,-0,-0,-27.992,-19.744,152.381,-10.664,5.003,-1.627,-90.07,-2.76,-3.787,-89.988,-3.267,-0.215,11.981,0.349,-0.001,11.981,-0.349,0.001,10.604,-0.334,0.46,10.604,0.334,-0.46,-0.006,4.805,-0.285,-0.006,-4.805,0.285
0.55,136.98,-4.882,936.58,-32.653,-5.069,900.717,136.959,-178.262,937.583,101.117,-3.896,1106.211,204.289,-123.671,508.841,-210.848,-16.191,435.011,92.989,-544.104,522.612,136.355,-91.648,937.445,243.748,-140.868,106.312,-140.947,-262.196,73.645,362.994,-526.564,134.55,204.148,-123.651,508.697,173.371,-129.313,95.232,173.032,-119.674,295.864,186.889,-329.489,104.872,373.778,-115.795,94.922,173.371,-129.313,95.232,137.572,-153.922,142.685,209.703,-182.407,95.108,212.58,-102.584,138.674,200.833,123.525,514.696,-217.317,64.989,445.807,265.155,-298.204,482.618,137.312,81.814,935.703,242.454,148.015,101.583,-155.694,263.729,68.39,129.475,-250.763,66.582,200.894,123.528,514.725,172.087,132.901,89.237,172.087,121.408,290.925,171.303,-68.785,77.744,374.1,132.119,89.193,172.087,132.901,89.237,136.505,143.168,132.72,156.257,78.022,89.24,213.867,120.852,126.271,107.858,-3.073,1429.93,-60.367,-1.512,1398.506,109.191,168.059,1431.293,139.293,-1.978,1261.703,229.742,-360.169,1252.18,487.457,-252.456,1213.598,128.687,-190.465,1050.944,176.09,-162.416,1445.889,183.947,-573.843,1094.98,430.755,-550.217,990.964,87.586,-412.023,903.093,229.687,-360.424,1251.988,188.989,-598.232,1057.66,120.84,-650.947,1082.902,246.559,-652.083,1100.626,178.901,-549.432,1132.34,231.516,360.863,1247.23,481.984,217.937,1179.344,376.207,516.308,1453.802,167.477,153.066,1448.451,184.51,581.509,1114.12,408.181,549.277,981.707,312.427,718.934,1296.745,231.511,360.883,1247.219,187.4,601.338,1076.76,146.156,668.002,1108.954,113.595,567.186,1052.925,181.624,561.7,1151.44,22.403,2.492,1722.22,50.403,2.482,1722.238,22.415,30.393,1719.862,22.421,0.134,1694.319,77.673,-73.397,1688.013,87.795,67.049,1686.016,210.436,-78.046,1615.247,205.473,64.825,1619.923,156.729,-77.439,1593.496,152.368,59.995,1586.948,45.928,1.776,1713.87,207.972,-3.145,1532.161,230.87,-4.573,1498.001,273.329,-3.094,1270.773,100.977,-3.009,1428.636,49.707,-4.506,1223.515,281.774,92.763,1404.414,172.531,-160.005,1485.622,185.473,-244.267,1426.02,223.616,-386.183,1277.042,169.656,-517.52,1173.561,126.487,-542.082,1074.528,212.848,-615.119,1141.785,177.223,-607.333,1062.019,163.529,149.829,1489.072,204.142,247.137,1423.704,235.117,384.852,1273.146,184.006,515.764,1197.913,118.049,562.84,1111.065,234.403,613.038,1150.063,179.126,614.711,1083.218,65.76,-128.618,1004.399,65.849,118.867,1002.96,237.255,-61.294,1041.135,243.322,50.003,1040.014,130.984,-190.396,769.189,64.456,-129.689,823.957,86.758,-123.039,657.392,190.662,-174.843,510.734,222.024,-56.941,506.299,228.474,-196.979,328.622,172.634,-123.076,391.423,195.066,-120.15,282.818,254.927,-174.494,99.796,226.883,-90.577,116.039,314.388,-124.706,65.275,156.246,-135.287,100.14,109.299,-120.86,50.204,110.684,-165.545,61.83,153.719,-209.195,48.841,74.32,-158.201,54.365,172.05,193.62,769.681,61.945,124.318,819.355,88.069,124.304,650.918,192.545,175.558,520.669,211.98,54.389,506.62,230.981,202.961,338.472,166.921,133.729,399.171,188.677,129.985,278.769,252.774,182.183,96.9,227.419,98.279,108.369,311.835,138.333,68.695,151.224,138.888,93.755,105.784,115.846,50.173,103.507,153.844,61.322,145.106,208.265,41.966,66.321,146.293,53.423,49.811,25.049,1357.731,61.617,23.765,1394.947,45.1,-24.246,1358.323,271.202,-34.779,1015.87,260.776,-30.7,1052.03,273.744,13.881,1009.333,172.774,-216.744,686.317,167.414,-220.887,725.753,124.49,-209.663,680.822,253.805,-209.981,228.454,249.99,-218.285,266.701,204.707,-207.885,224.807,203.398,201.85,701.881,202.61,203.504,741.323,155.197,208.353,699.248,253.795,220.866,223.44,247.673,224.801,262.369,206.377,209.827,217.118,136.58,-91.569,937.398,137.379,81.805,935.763,204.289,-123.671,508.841,200.833,123.525,514.696,243.748,-140.868,106.312,242.454,148.015,101.583,176.099,-162.452,1445.85,167.495,153.124,1448.4,229.742,-360.169,1252.18,231.516,360.863,1247.23,188.989,-598.232,1057.66,187.4,601.338,1076.76,152.442,-9.215,1044.58,173.371,-129.313,95.232,172.087,132.901,89.237,2.934,-3.892,14.385,-3.718,0.882,-32.028,5.679,-1.382,13.282,-47.516,-23.782,-19.915,3.353,-5.924,7.859,-3.11,1.803,-24.354,5.952,-1.752,15.539,-42.004,-12.923,-9.84,-1.36,0.68,-0.593,-1.36,-0.68,0.593,-3.858,44.981,-29.335,22.259,0,0,-22.782,-13.076,163.171,-10.589,-5.12,1.388,-4.667,44.423,-37.251,26.209,0,0,-28.271,-19.618,152.157,-10.589,5.12,-1.388,-90.089,-2.757,-3.859,-90.013,-3.262,-0.222,11.938,0.331,0.007,11.938,-0.331,-0.007,10.584,-0.367,0.523,10.584,0.367,-0.523,-0.036,4.832,0.021,-0.036,-4.832,-0.021
0.56,137.079,-4.882,936.588,-32.538,-5.081,900.647,137.067,-178.262,937.609,101.138,-3.881,1106.202,204.193,-123.586,508.814,-211.015,-16.227,435.206,93.035,-544.057,522.571,136.46,-91.656,937.456,243.565,-140.85,106.34,-141.157,-262.177,73.985,362.831,-526.546,134.491,204.289,-123.624,508.756,173.293,-129.113,94.8,171.578,-119.98,295.448,186.311,-329.341,104.025,373.726,-116.03,95.918,173.293,-129.113,94.8,137.878,-153.505,142.652,209.734,-182.132,94.745,212.749,-102.039,137.803,200.898,123.546,514.711,-217.238,64.825,445.897,265.401,-298.154,482.625,137.47,81.81,935.729,242.383,148.04,101.568,-155.749,263.826,68.434,129.329,-250.717,66.562,200.874,123.54,514.715,172.023,132.901,89.215,172.004,121.417,290.903,171.314,-68.786,77.731,374.037,132.192,89.193,172.023,132.901,89.215,136.424,143.173,132.683,156.205,78.019,89.23,213.794,120.872,126.266,107.952,-3.022,1429.87,-60.251,-1.556,1398.324,109.2,168.111,1431.163,139.507,-1.981,1261.666,229.75,-360.054,1252.11,487.422,-252.287,1213.39,128.535,-190.307,1050.99,176.193,-162.367,1445.912,184.022,-573.699,1094.81,430.783,-549.881,990.728,87.509,-411.839,903.034,229.691,-360.332,1251.91,189.104,-598.173,1057.55,120.94,-650.841,1082.849,246.641,-651.911,1100.7,178.933,-549.198,1132.104,231.573,360.916,1247.18,481.741,217.703,1178.793,376.84,516.145,1453.51,167.665,153.155,1448.48,184.74,581.576,1114.14,408.153,548.955,981.387,313.167,718.81,1296.551,231.579,360.888,1247.195,187.643,601.394,1076.76,146.293,668.03,1108.876,113.899,567.145,1052.875,181.842,561.792,1151.457,22.272,2.389,1721.82,50.271,2.572,1721.895,22.095,30.293,1719.512,22.362,0.081,1693.915,77.788,-73.399,1687.926,87.733,67.096,1685.992,211.136,-77.632,1615.288,205.521,64.849,1619.938,157.421,-76.203,1593.194,151.918,60.874,1587.142,45.818,1.851,1713.506,208.006,-3.107,1532.22,230.807,-4.432,1498.008,273.426,-3.027,1270.83,101.072,-2.962,1428.584,49.866,-4.566,1223.461,281.74,92.803,1404.375,172.606,-159.981,1485.618,185.362,-244.257,1425.975,223.607,-386.076,1276.96,169.895,-517.349,1173.468,126.631,-541.951,1074.294,212.813,-614.948,1141.632,177.336,-607.266,1061.92,163.689,149.869,1489.121,204.195,247.159,1423.7,235.219,384.903,1273.088,184.184,515.74,1197.809,118.314,562.886,1111.007,234.556,613.11,1150.134,179.348,614.761,1083.196,65.912,-128.632,1004.39,65.884,118.914,1002.934,237.214,-61.292,1041.21,243.418,50.007,1040.036,131.034,-190.386,769.152,64.553,-129.7,823.991,86.68,-123.004,657.43,190.606,-174.771,510.741,221.909,-56.894,506.295,228.517,-196.967,328.568,172.577,-122.988,391.596,195.127,-120.191,282.827,254.696,-174.461,99.881,226.899,-90.586,116.054,314.366,-124.634,65.288,156.701,-135.1,99.619,109.397,-121.081,49.948,110.727,-165.528,61.783,153.874,-209.101,48.813,74.294,-158.192,54.48,172.108,193.615,769.696,62.073,124.29,819.442,88.184,124.287,650.89,192.576,175.569,520.707,211.844,54.38,506.778,230.935,202.973,338.518,166.913,133.765,399.134,188.619,130.013,278.746,252.707,182.195,96.875,227.415,98.308,108.399,311.767,138.334,68.579,151.204,138.885,93.734,105.798,115.827,50.159,103.441,153.878,61.287,145.145,208.283,41.969,66.325,146.306,53.381,49.955,25.103,1357.661,61.715,23.797,1394.908,45.175,-24.181,1358.28,271.473,-34.697,1015.848,260.882,-30.678,1052.077,273.707,13.948,1009.168,172.784,-216.776,686.394,167.548,-220.87,725.739,124.462,-209.648,680.834,253.759,-209.998,228.444,249.81,-218.362,266.667,204.676,-207.832,224.821,203.391,201.871,701.919,202.625,203.481,741.49,155.232,208.402,699.281,253.839,220.85,223.401,247.806,224.853,262.347,206.41,209.847,217.075,136.684,-91.569,937.415,137.474,81.805,935.761,204.193,-123.586,508.814,200.898,123.546,514.711,243.565,-140.85,106.34,242.383,148.04,101.568,176.209,-162.426,1445.86,167.674,153.183,1448.45,229.75,-360.054,1252.11,231.573,360.916,1247.18,189.104,-598.173,1057.55,187.643,601.394,1076.76,152.525,-9.195,1044.53,173.293,-129.113,94.8,172.023,132.901,89.215,2.988,-3.874,14.372,-3.733,0.865,-32.011,5.223,-1.392,13.438,-46.664,-23.684,-20.43,3.392,-5.933,7.881,-3.105,1.804,-24.389,5.94,-1.755,15.57,-42.02,-12.939,-9.835,-1.345,0.668,-0.565,-1.345,-0.668,0.565,-3.784,44.943,-29.373,22.227,0,0,-22.76,-12.9,163.208,-10.513,-4.929,1.721,-4.632,44.424,-37.43,26.171,0,0,-28.323,-19.6,152.384,-10.513,4.929,-1.721,-89.68,-2.612,-3.734,-90.006,-3.259,-0.201,11.964,0.337,0.004,11.964,-0.337,-0.004,10.625,-0.348,0.491,10.625,0.348,-0.491,-0.184,4.728,-0.376,-0.184,-4.728,0.376
0.57,136.922,-4.902,936.624,-32.732,-4.97,900.857,136.759,-178.281,937.73,101.155,-3.786,1106.274,204.323,-123.709,508.685,-210.768,-15.838,435.168,92.632,-544.035,522.574,136.751,-91.589,937.339,243.55,-140.868,106.344,-141.199,-262.066,73.832,362.662,-526.598,134.686,204.074,-123.492,508.734,173.185,-129.292,95.215,172.707,-119.644,295.846,186.637,-329.471,104.874,373.596,-115.832,95.045,173.185,-129.292,95.215,137.34,-153.872,142.649,209.541,-182.37,95.183,212.331,-102.505,138.678,200.861,123.543,514.743,-217.33,65.178,445.958,265.006,-298.21,482.628,137.431,81.837,935.764,242.51,148.103,101.556,-155.627,263.849,68.337,129.514,-250.659,66.422,200.886,123.497,514.685,172.15,132.938,89.232,172.24,121.363,290.915,171.523,-68.744,77.658,374.164,132.317,89.106,172.15,132.938,89.232,136.414,143.098,132.614,156.436,78.026,89.148,213.843,120.95,126.384,108.105,-2.978,1429.76,-60.098,-1.407,1398.218,109.452,168.154,1431.098,139.657,-1.91,1261.555,229.776,-360.02,1252.11,487.454,-252.246,1213.452,128.603,-190.272,1050.97,176.169,-162.338,1445.903,184.165,-573.639,1094.77,430.963,-549.751,990.791,87.692,-411.778,902.974,229.721,-360.28,1251.915,189.214,-598.044,1057.43,121.057,-650.752,1082.666,246.773,-651.894,1100.411,179.117,-549.235,1132.103,231.838,360.923,1247.28,482.211,217.81,1179.437,376.623,516.305,1453.834,167.641,153.207,1448.535,184.939,581.608,1114.15,408.586,549.246,981.728,312.94,718.977,1296.759,231.828,360.966,1247.263,187.873,601.407,1076.72,146.579,668.108,1108.771,114.103,567.209,1052.846,182.016,561.873,1151.448,22.107,2.44,1722.04,50.107,2.585,1722.141,21.972,30.342,1719.701,22.219,0.101,1694.138,77.71,-73.304,1687.929,87.69,67.166,1685.935,210.628,-77.87,1615.264,205.699,64.858,1619.99,157.593,-76.087,1593.209,152.391,60.135,1586.964,45.661,1.86,1713.749,207.847,-3.136,1532.218,230.853,-4.478,1498.071,273.462,-3.037,1270.917,101.225,-2.913,1428.47,50.066,-4.52,1223.443,281.831,92.802,1404.363,172.581,-159.902,1485.617,185.475,-244.203,1425.888,223.619,-386.043,1276.955,170.09,-517.23,1173.357,126.651,-541.857,1074.24,213.105,-614.957,1141.62,177.447,-607.144,1061.794,163.66,149.916,1489.149,204.271,247.212,1423.704,235.458,384.913,1273.203,184.446,515.787,1197.925,118.468,562.968,1111.014,234.814,613.103,1150.151,179.589,614.788,1083.15,65.541,-128.579,1004.578,65.929,118.926,1002.93,237.278,-61.286,1041.084,243.401,49.969,1040.057,131.074,-190.37,769.173,64.886,-129.558,823.72,86.798,-122.985,657.397,190.683,-174.829,510.636,221.864,-56.87,506.321,228.434,-197.006,328.603,172.361,-122.844,391.579,195.037,-120.074,282.777,254.657,-174.483,99.886,226.942,-90.357,115.999,314.464,-124.647,65.326,156.324,-135.278,100.13,109.444,-120.923,50.14,110.582,-165.569,61.914,153.784,-209.21,48.779,74.25,-158.18,54.483,172.142,193.645,769.727,62.088,124.351,819.439,88.085,124.389,651.022,192.638,175.567,520.701,211.88,54.352,506.656,230.987,202.955,338.508,166.936,133.768,399.088,188.721,130.01,278.757,252.827,182.278,96.848,227.398,98.318,108.391,311.821,138.374,68.595,151.218,138.9,93.756,105.96,115.795,50.02,103.498,153.827,61.276,145.104,208.259,42.014,66.358,146.294,53.334,49.915,25.141,1357.752,61.829,23.831,1394.884,45.341,-24.202,1358.214,271.516,-34.659,1015.838,260.937,-30.631,1052.113,273.834,13.891,1009.264,172.785,-216.762,686.448,167.544,-220.829,725.765,124.554,-209.605,680.804,253.701,-210.051,228.45,249.974,-218.26,266.712,204.666,-207.87,224.847,203.474,201.877,701.93,202.722,203.546,741.324,155.263,208.412,699.289,253.914,220.88,223.332,247.889,224.887,262.317,206.286,209.885,216.98,136.453,-91.588,937.494,137.392,81.784,935.755,204.323,-123.709,508.685,200.861,123.543,514.743,243.55,-140.868,106.344,242.51,148.103,101.556,176.181,-162.38,1445.86,167.659,153.265,1448.48,229.776,-360.02,1252.11,231.838,360.923,1247.28,189.214,-598.044,1057.43,187.873,601.407,1076.72,152.542,-9.175,1044.53,173.185,-129.292,95.215,172.15,132.938,89.232,2.947,-3.864,14.397,-3.687,0.877,-32.06,5.619,-1.382,13.282,-47.541,-23.777,-19.981,3.338,-5.964,7.878,-3.086,1.791,-24.334,5.989,-1.756,15.585,-42.184,-12.851,-9.789,-1.288,0.714,-0.557,-1.288,-0.714,0.557,-3.82,44.949,-29.389,22.21,0,0,-22.741,-13.043,163.202,-10.461,-5.016,1.686,-4.665,44.41,-37.301,26.222,-0,0,-28.351,-19.654,152.259,-10.461,5.016,-1.686,-90.049,-2.76,-3.842,-90.036,-3.285,-0.176,11.905,0.365,0.054,11.905,-0.365,-0.054,10.624,-0.357,0.526,10.624,0.357,-0.526,-0.23,4.791,-0.297,-0.23,-4.791,0.297
0.58,137.387,-4.85,936.507,-32.187,-5.162,900.363,137.528,-178.231,937.339,101.242,-4.066,1106.079,204.238,-123.574,508.819,-210.947,-16.109,435.238,92.962,-544.012,522.65,136.558,-91.561,937.464,243.688,-140.878,106.326,-141.006,-262.244,73.781,362.97,-526.557,134.64,204.181,-123.556,508.715,173.332,-129.319,95.12,172.62,-119.76,295.754,186.836,-329.498,104.705,373.739,-115.796,95.187,173.332,-129.319,95.12,137.582,-153.914,142.617,209.638,-182.43,94.944,212.61,-102.613,138.513,200.89,123.545,514.753,-217.315,65.103,446.12,265.096,-298.199,482.644,137.616,81.857,935.799,242.411,148.072,101.544,-155.683,263.997,68.437,129.218,-250.643,66.514,200.913,123.555,514.691,172.055,132.912,89.194,172.052,121.421,290.882,171.404,-68.775,77.704,374.069,132.261,89.16,172.055,132.912,89.194,136.477,143.204,132.675,156.239,78.029,89.243,213.844,120.903,126.231,108.052,-2.926,1429.81,-60.158,-1.282,1398.31,109.467,168.204,1431.185,139.563,-1.836,1261.598,228.529,-359.942,1251.66,484.967,-250.588,1209.361,123.555,-191.127,1051.686,176.3,-162.329,1445.899,184.183,-573.49,1094.67,429.751,-546.479,988.564,84.086,-412.518,903.986,228.552,-359.831,1251.746,189.31,-597.849,1057.26,121.311,-650.797,1082.417,247.029,-651.592,1100.161,179.068,-549.183,1132.006,232.262,361.003,1247.41,483.11,218.299,1180.468,376.094,516.759,1454.347,167.777,153.287,1448.572,185.178,581.608,1114.1,409.268,549.785,982.299,312.336,719.308,1297.048,232.243,361.094,1247.363,188.05,601.466,1076.68,146.777,668.108,1108.883,114.258,567.273,1052.866,182.316,561.827,1151.362,22.121,2.442,1721.94,50.12,2.612,1722.039,21.96,30.349,1719.663,22.233,0.166,1694.033,77.698,-73.254,1687.854,87.735,67.208,1685.897,211.077,-77.662,1615.434,205.727,64.888,1620.068,157.46,-76.06,1593.202,152.309,60.961,1586.991,45.674,1.902,1713.65,208.017,-3.01,1532.205,230.942,-4.491,1498.095,273.497,-3.018,1270.94,101.172,-2.859,1428.521,50.073,-4.477,1223.385,281.94,92.841,1404.519,172.73,-159.907,1485.618,185.431,-244.18,1425.928,222.392,-385.976,1276.497,170.271,-517.13,1173.293,126.62,-541.807,1074.255,213.201,-614.835,1141.392,177.57,-606.99,1061.604,163.798,149.955,1489.221,204.346,247.185,1423.7,235.802,385.003,1273.331,184.607,515.781,1197.8,118.687,562.984,1111.004,235.093,613.11,1150.059,179.771,614.835,1083.137,66.293,-128.893,1004.064,66.029,118.934,1002.936,237.34,-61.285,1041.246,243.589,50.053,1040.066,131.064,-190.328,769.229,64.644,-129.582,823.977,86.764,-122.974,657.436,190.621,-174.723,510.745,221.943,-56.859,506.283,228.52,-196.97,328.565,172.548,-122.936,391.588,195.101,-120.157,282.777,254.856,-174.5,99.828,226.844,-90.596,116.009,314.328,-124.648,65.314,156.356,-135.305,100.005,109.374,-120.858,50.155,110.57,-165.576,61.88,153.603,-209.088,48.624,74.276,-158.192,54.44,172.25,193.665,769.715,62.205,124.329,819.558,88.192,124.411,651.021,192.65,175.553,520.729,211.807,54.353,506.7,230.997,202.993,338.499,166.924,133.79,399.169,188.641,130.036,278.77,252.774,182.246,96.748,227.466,98.331,108.442,311.87,138.365,68.599,151.243,138.891,93.716,105.838,115.821,50.193,103.523,153.852,61.262,145.125,208.267,41.879,66.38,146.313,53.32,50.129,25.194,1357.532,61.859,23.883,1394.862,45.519,-24.131,1358.13,271.641,-34.586,1015.843,260.922,-30.648,1052.019,273.861,13.877,1009.259,172.845,-216.696,686.3,167.486,-220.815,725.772,124.425,-209.604,680.874,253.798,-209.932,228.393,250.736,-218.065,266.779,204.632,-207.858,224.855,203.54,201.93,701.902,202.7,203.558,741.315,155.313,208.46,699.262,253.941,220.865,223.463,247.892,224.853,262.303,206.511,209.837,217.053,137.068,-91.538,937.239,137.705,81.838,935.775,204.238,-123.574,508.819,200.89,123.545,514.753,243.688,-140.878,106.326,242.411,148.072,101.544,176.312,-162.376,1445.86,167.785,153.31,1448.55,228.529,-359.942,1251.66,232.262,361.003,1247.41,189.31,-597.849,1057.26,188.05,601.466,1076.68,152.606,-9.156,1044.48,173.332,-129.319,95.12,172.055,132.912,89.194,3.066,-3.955,14.427,-3.694,0.872,-32.03,5.554,-1.382,13.294,-47.328,-23.763,-19.905,3.477,-5.857,7.802,-3.084,1.8,-24.369,5.944,-1.758,15.606,-42.003,-12.973,-9.827,-1.428,0.611,-0.662,-1.428,-0.611,0.662,-3.554,44.922,-30.21,21.754,0,-0,-22.837,-12.911,163.928,-10.448,-4.888,1.736,-4.716,44.41,-37.066,26.278,0,-0,-28.171,-19.682,151.974,-10.448,4.888,-1.736,-89.981,-2.734,-3.86,-90.01,-3.261,-0.184,12.032,0.275,-0.047,12.032,-0.275,0.047,10.611,-0.365,0.55,10.611,0.365,-0.55,-0.231,4.663,-0.348,-0.231,-4.663,0.348
0.59,137.247,-4.842,936.512,-32.373,-5.088,900.584,137.309,-178.222,937.406,101.318,-3.98,1106.129,204.29,-123.605,508.729,-210.795,-15.646,435.304,92.527,-543.914,522.552,136.797,-91.56,937.401,243.475,-140.851,106.347,-141.2,-262.366,74.141,362.925,-526.481,134.611,204.299,-123.491,508.767,173.117,-129.292,95.156,172.443,-119.75,295.791,186.624,-329.472,104.721,373.524,-115.769,95.185,173.117,-129.292,95.156,137.365,-153.967,142.61,209.62,-182.268,95.111,212.21,-102.392,138.596,200.953,123.612,514.705,-217.229,65.064,446.025,265.277,-298.111,482.552,137.65,81.856,935.74,242.52,148.055,101.548,-155.637,263.749,68.385,129.56,-250.728,66.536,200.988,123.547,514.692,172.153,132.924,89.223,172.221,121.409,290.91,171.419,-68.761,77.708,374.167,132.195,89.113,172.153,132.924,89.223,136.54,143.174,132.685,156.358,78.035,89.225,213.92,120.906,126.282,108.128,-2.892,1429.79,-60.087,-1.196,1398.32,109.591,168.238,1431.191,139.609,-1.784,1261.572,229.506,-359.998,1251.89,486.841,-251.717,1212.375,127.303,-190.351,1051.186,176.208,-162.507,1445.963,184.132,-573.462,1094.57,430.583,-548.749,989.961,86.678,-411.696,903.191,229.479,-360.125,1251.804,189.413,-597.611,1057.36,121.367,-650.675,1082.144,247.01,-651.358,1100.421,178.799,-549.074,1132.138,232.027,360.919,1247.22,481.876,217.227,1178.672,377.723,515.868,1453.458,167.849,153.28,1448.56,185.686,581.742,1114.05,408.987,548.521,981.259,314.493,718.729,1296.379,232.012,360.99,1247.177,188.359,601.518,1076.7,146.652,667.907,1108.865,114.783,566.762,1053.034,183.011,561.944,1151.445,22.645,2.526,1722,50.645,2.682,1722.027,22.492,30.432,1719.718,22.685,0.243,1694.093,77.603,-73.221,1687.844,87.7,67.265,1685.963,211.171,-77.789,1615.57,205.722,64.928,1620.051,157.375,-76.095,1593.206,152.161,61.033,1587.104,46.177,1.972,1713.654,208.11,-2.982,1532.244,230.933,-4.5,1498.083,273.435,-3.005,1270.983,101.248,-2.822,1428.496,50.047,-4.323,1223.448,282.102,92.809,1404.583,172.619,-159.973,1485.751,185.476,-244.148,1425.843,223.393,-386.046,1276.722,170.486,-516.945,1173.012,126.712,-541.711,1074.119,212.97,-614.773,1141.307,177.665,-606.772,1061.645,163.876,149.951,1489.202,204.529,247.198,1423.675,235.706,384.906,1273.135,184.826,515.862,1197.892,119.377,563.202,1110.867,235.353,613.15,1150.065,179.992,614.836,1083.147,66.151,-128.837,1004.231,66.044,119.01,1002.956,237.366,-61.242,1041.08,243.563,50.003,1039.99,131.064,-190.305,769.166,64.921,-129.482,823.842,86.777,-122.901,657.416,190.648,-174.719,510.709,222.019,-56.733,506.196,228.49,-196.895,328.676,172.601,-122.955,391.6,195.04,-120.106,282.794,254.63,-174.458,99.883,226.86,-90.54,116.088,314.448,-124.761,65.306,156.361,-135.293,100.059,109.341,-121.051,50.012,110.588,-165.588,61.93,153.945,-209.039,48.775,74.212,-158.166,54.52,172.284,193.717,769.768,62.264,124.326,819.393,88.207,124.416,651.004,192.691,175.606,520.653,212.216,54.513,507.061,231.067,203.015,338.464,167.037,133.757,399.066,188.716,129.988,278.76,252.837,182.22,96.892,227.457,98.318,108.404,311.827,138.358,68.645,151.27,138.903,93.747,105.861,115.822,50.134,103.48,153.848,61.307,145.133,208.279,41.932,66.413,146.309,53.227,50.164,25.277,1357.571,61.965,23.922,1394.826,45.625,-24.057,1358.118,271.749,-34.64,1015.831,260.919,-30.607,1051.996,273.98,13.984,1009.448,172.789,-216.654,686.312,167.584,-220.755,725.687,124.527,-209.574,680.874,253.702,-209.984,228.383,250.074,-218.221,266.736,204.678,-207.822,224.797,203.571,201.953,701.949,202.715,203.579,741.403,155.402,208.479,699.262,253.892,220.836,223.433,247.866,224.896,262.285,206.479,209.779,217,136.888,-91.529,937.275,137.605,81.846,935.749,204.29,-123.605,508.729,200.953,123.612,514.705,243.475,-140.851,106.347,242.52,148.055,101.548,176.201,-162.482,1445.99,167.858,153.309,1448.53,229.506,-359.998,1251.89,232.027,360.919,1247.22,189.413,-597.611,1057.36,188.359,601.518,1076.7,152.65,-9.118,1044.47,173.117,-129.292,95.156,172.153,132.924,89.223,3.017,-3.935,14.472,-3.716,0.86,-32.12,5.516,-1.384,13.317,-47.492,-23.869,-20.102,3.403,-5.89,7.839,-3.085,1.81,-24.351,5.969,-1.753,15.55,-42.053,-12.918,-9.812,-1.366,0.642,-0.657,-1.366,-0.642,0.657,-3.794,44.903,-29.616,22.127,0,0,-23.127,-12.988,163.461,-10.586,-4.909,1.74,-4.647,44.379,-37.459,26.126,0,-0,-28.003,-19.799,152.674,-10.586,4.909,-1.74,-89.991,-2.729,-3.86,-90.031,-3.268,-0.206,11.96,0.295,-0.02,11.96,-0.295,0.02,10.6,-0.371,0.568,10.6,0.371,-0.568,-0.082,4.675,-0.321,-0.082,-4.675,0.321
0.6,137.327,-4.812,936.528,-32.289,-5.078,900.583,137.406,-178.193,937.441,101.382,-3.935,1106.142,204.324,-123.573,508.733,-210.767,-15.652,435.286,92.59,-543.888,522.603,136.818,-91.483,937.399,243.428,-140.89,106.285,-141.206,-262.551,74.135,363.025,-526.473,134.572,204.293,-123.507,508.708,173.054,-129.315,95.211,172.738,-119.656,295.842,186.512,-329.494,104.869,373.465,-115.858,94.879,173.054,-129.315,95.211,137.003,-153.882,142.495,209.49,-182.337,95.443,211.934,-102.406,138.837,201.083,123.617,514.752,-217.104,65.272,445.925,265.221,-298.132,482.576,137.619,81.846,935.761,242.482,148.023,101.557,-155.787,263.33,68.397,129.89,-250.881,66.741,201.029,123.663,514.718,172.114,132.908,89.219,172.121,121.493,290.911,171.318,-68.783,77.804,374.127,132.114,89.167,172.114,132.908,89.219,136.395,143.135,132.6,156.354,78.009,89.184,213.804,120.916,126.373,108.189,-2.862,1429.74,-60.02,-1.207,1398.235,109.614,168.269,1431.123,139.706,-1.764,1261.529,228.643,-360.189,1251.56,485.489,-251.489,1210.063,124.704,-191.028,1051.338,176.353,-162.511,1445.717,184.242,-573.288,1094.57,430.189,-546.899,989.189,85.132,-411.986,903.65,228.725,-359.801,1251.847,189.49,-597.44,1057.21,121.501,-650.571,1082.008,247.172,-651.236,1100.094,178.971,-549.032,1132.085,232.344,361.006,1247.35,482.34,217.405,1179.148,377.696,516.003,1453.794,167.96,153.34,1448.596,186.046,581.896,1114.11,409.534,548.806,981.601,314.549,718.925,1296.622,232.314,361.151,1247.269,188.589,601.558,1076.74,146.492,667.787,1108.726,115.217,566.294,1053.19,183.494,562.165,1151.599,21.996,2.589,1721.93,49.995,2.741,1722.093,21.859,30.49,1719.584,22.172,0.244,1694.029,77.594,-73.183,1687.857,87.648,67.343,1685.906,210.68,-77.781,1615.565,205.91,64.952,1619.947,157.94,-75.816,1593.248,152.798,60.136,1586.885,45.568,2.013,1713.699,208.178,-2.998,1532.275,231.035,-4.437,1498.085,273.595,-2.955,1270.939,101.309,-2.794,1428.449,50.183,-4.353,1223.47,282.234,92.854,1404.542,172.723,-159.864,1485.634,185.493,-244.085,1425.831,222.387,-386.216,1276.371,170.542,-516.821,1172.883,126.781,-541.561,1074.236,213.145,-614.678,1141.181,177.752,-606.613,1061.489,163.986,150.002,1489.231,204.642,247.206,1423.668,235.986,384.992,1273.266,185.067,515.857,1197.893,119.684,563.216,1110.815,235.7,613.425,1150.216,180.144,614.844,1083.159,66.231,-128.817,1004.279,66.114,119.075,1002.935,237.49,-61.236,1041.056,243.578,50.074,1040.058,131.063,-190.265,769.269,65.026,-129.433,823.719,86.77,-122.861,657.419,190.68,-174.663,510.75,221.966,-56.788,506.273,228.495,-196.925,328.579,172.63,-122.986,391.371,194.974,-120.167,282.831,254.573,-174.475,99.942,226.86,-90.569,116.081,314.343,-124.594,65.295,156.269,-135.305,100.145,109.568,-121.076,49.832,110.575,-165.56,61.907,153.918,-209.115,48.776,74.246,-158.113,54.49,172.385,193.726,769.788,62.265,124.339,819.408,88.318,124.479,650.986,192.818,175.598,520.743,211.975,54.46,506.772,230.985,202.995,338.505,166.967,133.848,399.2,188.855,129.987,278.741,252.744,182.217,96.764,227.445,98.32,108.386,311.798,138.332,68.575,151.235,138.896,93.734,105.967,115.801,50.045,103.507,153.838,61.279,145.162,208.27,41.893,66.417,146.311,53.227,50.159,25.307,1357.579,62.011,23.973,1394.789,45.852,-24.037,1358.043,271.756,-34.636,1015.744,261.001,-30.602,1051.952,273.851,13.892,1009.185,172.828,-216.69,686.387,167.672,-220.68,725.654,124.451,-209.537,680.898,253.817,-209.932,228.322,250.159,-218.175,266.767,204.643,-207.814,224.796,203.654,201.96,701.925,202.81,203.597,741.326,155.451,208.482,699.301,253.852,220.824,223.36,248.021,224.91,262.316,206.409,209.863,217.076,136.977,-91.499,937.3,137.678,81.875,935.756,204.324,-123.573,508.733,201.083,123.617,514.752,243.428,-140.89,106.285,242.482,148.023,101.557,176.311,-162.353,1445.87,167.972,153.377,1448.56,228.643,-360.189,1251.56,232.344,361.006,1247.35,189.49,-597.44,1057.21,188.589,601.558,1076.74,152.663,-9.095,1044.46,173.054,-129.315,95.211,172.114,132.908,89.219,3.021,-3.935,14.472,-3.724,0.861,-32.138,5.618,-1.386,13.351,-47.874,-23.761,-20.105,3.386,-5.898,7.806,-3.12,1.829,-24.271,5.937,-1.747,15.48,-42.153,-12.854,-9.787,-1.36,0.644,-0.65,-1.36,-0.644,0.65,-3.571,44.943,-29.986,21.759,-0,0,-23.03,-13.034,163.787,-10.32,-5.039,1.719,-4.69,44.393,-37.407,26.139,0,0,-27.894,-20.051,152.884,-10.32,5.039,-1.719,-90.095,-2.762,-3.842,-90.015,-3.24,-0.225,11.965,0.302,-0.025,11.965,-0.302,0.025,10.612,-0.367,0.554,10.612,0.367,-0.554,-0.36,4.804,-0.312,-0.36,-4.804,0.312
0.61,137.316,-4.782,936.509,-32.319,-4.977,900.652,137.327,-178.163,937.397,101.459,-3.916,1106.141,204.215,-123.543,508.744,-210.915,-15.686,435.427,92.547,-543.874,522.672,136.845,-91.44,937.431,243.495,-140.866,106.359,-141.338,-261.866,74.093,362.434,-526.66,134.545,204.309,-123.546,508.78,173.135,-129.301,95.186,172.509,-119.771,295.821,186.628,-329.483,104.736,373.543,-115.794,95.169,173.135,-129.301,95.186,137.266,-153.81,142.637,209.56,-182.331,95.329,212.194,-102.355,138.629,201.04,123.626,514.781,-217.153,65.096,446.148,265.333,-298.106,482.685,137.773,81.937,935.828,242.452,148.074,101.558,-155.607,264.119,68.45,129.135,-250.61,66.57,200.957,123.611,514.709,172.083,132.961,89.221,172.108,121.477,290.91,171.294,-68.726,77.738,374.096,132.175,89.152,172.083,132.961,89.221,136.444,143.246,132.653,156.317,78.064,89.285,213.839,121.012,126.315,108.509,-2.823,1429.56,-59.706,-1.25,1398.082,109.874,168.309,1430.819,139.997,-1.837,1261.343,228.687,-359.87,1251.56,485.165,-250.455,1209.665,123.917,-190.811,1051.686,176.247,-162.5,1445.989,184.232,-573.166,1094.45,429.856,-546.276,988.443,84.329,-411.961,903.861,228.729,-359.668,1251.708,189.691,-597.316,1057.17,121.887,-650.737,1081.849,247.509,-650.786,1100.278,178.739,-548.866,1131.956,232.514,360.999,1247.35,482.393,217.212,1179.113,378.025,515.932,1453.73,168.035,153.414,1448.65,186.261,581.965,1114.08,409.68,548.758,981.484,314.904,718.938,1296.535,232.472,361.202,1247.229,188.769,601.598,1076.75,146.754,667.857,1108.782,115.345,566.382,1053.29,183.738,562.214,1151.618,22.155,2.657,1721.55,50.153,2.907,1721.731,21.921,30.555,1719.172,22.357,0.28,1693.652,77.503,-73.028,1687.84,87.63,67.481,1685.931,210.905,-77.671,1615.45,205.869,65.015,1620.052,158.88,-75.29,1592.545,152.405,60.376,1587.035,45.734,2.154,1713.325,207.928,-2.964,1532.3,231.098,-4.305,1498.017,273.579,-2.974,1271.072,101.629,-2.759,1428.265,50.197,-4.231,1223.475,282.181,92.807,1404.501,172.643,-159.938,1485.741,185.712,-244.034,1425.89,222.592,-385.934,1276.366,170.578,-516.767,1172.778,126.729,-541.436,1074.109,213.187,-614.565,1141.078,177.985,-606.539,1061.433,164.073,150.055,1489.243,204.712,247.234,1423.698,236.191,384.984,1273.259,185.274,515.903,1197.886,119.895,563.313,1110.873,235.965,613.488,1150.11,180.341,614.89,1083.18,66.14,-128.786,1004.275,66.172,119.106,1002.95,237.557,-61.225,1040.957,243.675,50.048,1040.032,131.079,-190.203,769.242,64.964,-129.429,823.866,86.722,-122.808,657.477,190.594,-174.675,510.736,222.123,-56.707,506.071,228.388,-196.912,328.763,172.636,-122.981,391.599,195.095,-120.103,282.751,254.597,-174.471,99.868,226.914,-90.59,116.009,314.464,-124.666,65.259,156.288,-135.295,100.086,109.442,-121.123,49.997,110.506,-165.596,61.924,153.737,-209.172,48.822,74.354,-158.158,54.448,172.418,193.767,769.821,62.33,124.394,819.551,88.371,124.462,651.022,192.747,175.62,520.736,212.064,54.463,506.724,231.077,203.058,338.524,166.997,133.833,399.106,188.659,130.074,278.76,252.804,182.217,96.851,227.434,98.319,108.401,311.762,138.333,68.528,151.221,138.948,93.742,105.884,115.808,50.174,103.52,153.843,61.335,145.147,208.259,41.933,66.406,146.32,53.341,50.31,25.362,1357.537,62.083,23.988,1394.836,45.875,-23.977,1357.98,271.822,-34.6,1015.745,261.279,-30.477,1052.071,273.974,13.98,1009.435,172.815,-216.683,686.417,167.596,-220.706,725.682,124.502,-209.495,680.889,253.78,-209.926,228.33,250.101,-218.218,266.718,204.661,-207.843,224.825,203.68,202.001,701.913,202.85,203.618,741.295,155.536,208.504,699.309,253.983,220.902,223.427,247.929,224.902,262.323,206.393,209.879,217.01,136.932,-91.469,937.269,137.699,81.905,935.749,204.215,-123.543,508.744,201.04,123.626,514.781,243.495,-140.866,106.359,242.452,148.074,101.558,176.247,-162.499,1445.99,168.057,153.485,1448.58,228.687,-359.87,1251.56,232.514,360.999,1247.35,189.691,-597.316,1057.17,188.769,601.598,1076.75,152.775,-9.094,1044.36,173.135,-129.301,95.186,172.083,132.961,89.221,3.008,-3.942,14.44,-3.702,0.879,-32.03,5.531,-1.379,13.245,-47.531,-23.696,-20.153,3.385,-5.882,7.854,-3.085,1.807,-24.399,5.951,-1.756,15.585,-42.069,-12.932,-9.735,-1.339,0.604,-0.598,-1.339,-0.604,0.598,-3.578,44.82,-30.137,21.824,0,0,-23.312,-12.802,163.865,-10.274,-5.031,1.898,-4.733,44.408,-37.456,26.155,0,0,-27.863,-20.073,152.843,-10.274,5.031,-1.898,-90.005,-2.725,-3.856,-90.02,-3.259,-0.223,11.935,0.293,-0.003,11.935,-0.293,0.003,10.602,-0.33,0.527,10.602,0.33,-0.527,-0.415,4.869,-0.513,-0.415,-4.869,0.513

